task_id,domain,k,selector_i,selector_j,jaccard,overlap_jaccard_plans,seed
1.0-1000-classical-2000-elevators-10,elevators,20,bcoverage,bcoverage,1.0,1.0,1309817549
1.0-1000-classical-2000-elevators-10,elevators,20,bcoverage,bmaxsum,0.21212121212121213,0.21212121212121213,1309817549
1.0-1000-classical-2000-elevators-10,elevators,20,bcoverage,bmaxmin,0.1,0.1,1309817549
1.0-1000-classical-2000-elevators-10,elevators,20,bcoverage,bnovelty,0.1,0.1,1309817549
1.0-1000-classical-2000-elevators-10,elevators,20,bcoverage,maxsum_stability,0.1111111111111111,0.1111111111111111,1309817549
1.0-1000-classical-2000-elevators-10,elevators,20,bmaxsum,bcoverage,0.21212121212121213,0.21212121212121213,1309817549
1.0-1000-classical-2000-elevators-10,elevators,20,bmaxsum,bmaxsum,1.0,1.0,1309817549
1.0-1000-classical-2000-elevators-10,elevators,20,bmaxsum,bmaxmin,0.1,0.1,1309817549
1.0-1000-classical-2000-elevators-10,elevators,20,bmaxsum,bnovelty,0.1,0.1,1309817549
1.0-1000-classical-2000-elevators-10,elevators,20,bmaxsum,maxsum_stability,0.42857142857142855,0.42857142857142855,1309817549
1.0-1000-classical-2000-elevators-10,elevators,20,bmaxmin,bcoverage,0.1,0.1,1309817549
1.0-1000-classical-2000-elevators-10,elevators,20,bmaxmin,bmaxsum,0.1,0.1,1309817549
1.0-1000-classical-2000-elevators-10,elevators,20,bmaxmin,bmaxmin,1.0,1.0,1309817549
1.0-1000-classical-2000-elevators-10,elevators,20,bmaxmin,bnovelty,1.0,1.0,1309817549
1.0-1000-classical-2000-elevators-10,elevators,20,bmaxmin,maxsum_stability,0.1,0.1,1309817549
1.0-1000-classical-2000-elevators-10,elevators,20,bnovelty,bcoverage,0.1,0.1,1309817549
1.0-1000-classical-2000-elevators-10,elevators,20,bnovelty,bmaxsum,0.1,0.1,1309817549
1.0-1000-classical-2000-elevators-10,elevators,20,bnovelty,bmaxmin,1.0,1.0,1309817549
1.0-1000-classical-2000-elevators-10,elevators,20,bnovelty,bnovelty,1.0,1.0,1309817549
1.0-1000-classical-2000-elevators-10,elevators,20,bnovelty,maxsum_stability,0.1,0.1,1309817549
1.0-1000-classical-2000-elevators-10,elevators,20,maxsum_stability,bcoverage,0.1111111111111111,0.1111111111111111,1309817549
1.0-1000-classical-2000-elevators-10,elevators,20,maxsum_stability,bmaxsum,0.42857142857142855,0.42857142857142855,1309817549
1.0-1000-classical-2000-elevators-10,elevators,20,maxsum_stability,bmaxmin,0.1,0.1,1309817549
1.0-1000-classical-2000-elevators-10,elevators,20,maxsum_stability,bnovelty,0.1,0.1,1309817549
1.0-1000-classical-2000-elevators-10,elevators,20,maxsum_stability,maxsum_stability,1.0,1.0,1309817549
1.0-1000-classical-None-ferry-17,ferry,20,bcoverage,bcoverage,1.0,1.0,1266540618
1.0-1000-classical-None-ferry-17,ferry,20,bcoverage,bmaxsum,0.42857142857142855,0.42857142857142855,1266540618
1.0-1000-classical-None-ferry-17,ferry,20,bcoverage,bmaxmin,0.19047619047619047,0.19047619047619047,1266540618
1.0-1000-classical-None-ferry-17,ferry,20,bcoverage,bnovelty,0.19047619047619047,0.19047619047619047,1266540618
1.0-1000-classical-None-ferry-17,ferry,20,bcoverage,maxsum_stability,0.14285714285714285,0.14285714285714285,1266540618
1.0-1000-classical-None-ferry-17,ferry,20,bmaxsum,bcoverage,0.42857142857142855,0.42857142857142855,1266540618
1.0-1000-classical-None-ferry-17,ferry,20,bmaxsum,bmaxsum,1.0,1.0,1266540618
1.0-1000-classical-None-ferry-17,ferry,20,bmaxsum,bmaxmin,0.25,0.25,1266540618
1.0-1000-classical-None-ferry-17,ferry,20,bmaxsum,bnovelty,0.25,0.25,1266540618
1.0-1000-classical-None-ferry-17,ferry,20,bmaxsum,maxsum_stability,0.14285714285714285,0.14285714285714285,1266540618
1.0-1000-classical-None-ferry-17,ferry,20,bmaxmin,bcoverage,0.19047619047619047,0.19047619047619047,1266540618
1.0-1000-classical-None-ferry-17,ferry,20,bmaxmin,bmaxsum,0.25,0.25,1266540618
1.0-1000-classical-None-ferry-17,ferry,20,bmaxmin,bmaxmin,1.0,1.0,1266540618
1.0-1000-classical-None-ferry-17,ferry,20,bmaxmin,bnovelty,1.0,1.0,1266540618
1.0-1000-classical-None-ferry-17,ferry,20,bmaxmin,maxsum_stability,0.13636363636363635,0.13636363636363635,1266540618
1.0-1000-classical-None-ferry-17,ferry,20,bnovelty,bcoverage,0.19047619047619047,0.19047619047619047,1266540618
1.0-1000-classical-None-ferry-17,ferry,20,bnovelty,bmaxsum,0.25,0.25,1266540618
1.0-1000-classical-None-ferry-17,ferry,20,bnovelty,bmaxmin,1.0,1.0,1266540618
1.0-1000-classical-None-ferry-17,ferry,20,bnovelty,bnovelty,1.0,1.0,1266540618
1.0-1000-classical-None-ferry-17,ferry,20,bnovelty,maxsum_stability,0.13636363636363635,0.13636363636363635,1266540618
1.0-1000-classical-None-ferry-17,ferry,20,maxsum_stability,bcoverage,0.14285714285714285,0.14285714285714285,1266540618
1.0-1000-classical-None-ferry-17,ferry,20,maxsum_stability,bmaxsum,0.14285714285714285,0.14285714285714285,1266540618
1.0-1000-classical-None-ferry-17,ferry,20,maxsum_stability,bmaxmin,0.13636363636363635,0.13636363636363635,1266540618
1.0-1000-classical-None-ferry-17,ferry,20,maxsum_stability,bnovelty,0.13636363636363635,0.13636363636363635,1266540618
1.0-1000-classical-None-ferry-17,ferry,20,maxsum_stability,maxsum_stability,1.0,1.0,1266540618
1.0-1000-classical-1998-gripper-1,gripper,20,bcoverage,bcoverage,1.0,1.0,1665754178
1.0-1000-classical-1998-gripper-1,gripper,20,bcoverage,bmaxsum,0.8181818181818182,0.8181818181818182,1665754178
1.0-1000-classical-1998-gripper-1,gripper,20,bcoverage,bmaxmin,0.09090909090909091,0.09090909090909091,1665754178
1.0-1000-classical-1998-gripper-1,gripper,20,bcoverage,bnovelty,0.09090909090909091,0.09090909090909091,1665754178
1.0-1000-classical-1998-gripper-1,gripper,20,bcoverage,maxsum_stability,0.6363636363636364,0.5384615384615384,1665754178
1.0-1000-classical-1998-gripper-1,gripper,20,bmaxsum,bcoverage,0.8181818181818182,0.8181818181818182,1665754178
1.0-1000-classical-1998-gripper-1,gripper,20,bmaxsum,bmaxsum,1.0,1.0,1665754178
1.0-1000-classical-1998-gripper-1,gripper,20,bmaxsum,bmaxmin,0.2,0.2,1665754178
1.0-1000-classical-1998-gripper-1,gripper,20,bmaxsum,bnovelty,0.2,0.2,1665754178
1.0-1000-classical-1998-gripper-1,gripper,20,bmaxsum,maxsum_stability,0.7142857142857143,0.6,1665754178
1.0-1000-classical-1998-gripper-1,gripper,20,bmaxmin,bcoverage,0.09090909090909091,0.09090909090909091,1665754178
1.0-1000-classical-1998-gripper-1,gripper,20,bmaxmin,bmaxsum,0.2,0.2,1665754178
1.0-1000-classical-1998-gripper-1,gripper,20,bmaxmin,bmaxmin,1.0,1.0,1665754178
1.0-1000-classical-1998-gripper-1,gripper,20,bmaxmin,bnovelty,1.0,1.0,1665754178
1.0-1000-classical-1998-gripper-1,gripper,20,bmaxmin,maxsum_stability,0.25,0.2,1665754178
1.0-1000-classical-1998-gripper-1,gripper,20,bnovelty,bcoverage,0.09090909090909091,0.09090909090909091,1665754178
1.0-1000-classical-1998-gripper-1,gripper,20,bnovelty,bmaxsum,0.2,0.2,1665754178
1.0-1000-classical-1998-gripper-1,gripper,20,bnovelty,bmaxmin,1.0,1.0,1665754178
1.0-1000-classical-1998-gripper-1,gripper,20,bnovelty,bnovelty,1.0,1.0,1665754178
1.0-1000-classical-1998-gripper-1,gripper,20,bnovelty,maxsum_stability,0.25,0.2,1665754178
1.0-1000-classical-1998-gripper-1,gripper,20,maxsum_stability,bcoverage,0.6363636363636364,0.5384615384615384,1665754178
1.0-1000-classical-1998-gripper-1,gripper,20,maxsum_stability,bmaxsum,0.7142857142857143,0.6,1665754178
1.0-1000-classical-1998-gripper-1,gripper,20,maxsum_stability,bmaxmin,0.25,0.2,1665754178
1.0-1000-classical-1998-gripper-1,gripper,20,maxsum_stability,bnovelty,0.25,0.2,1665754178
1.0-1000-classical-1998-gripper-1,gripper,20,maxsum_stability,maxsum_stability,1.0,1.0,1665754178
1.0-1000-classical-None-miconic-10,miconic,20,bcoverage,bcoverage,1.0,1.0,1525500729
1.0-1000-classical-None-miconic-10,miconic,20,bcoverage,bmaxsum,0.14285714285714285,0.14285714285714285,1525500729
1.0-1000-classical-None-miconic-10,miconic,20,bcoverage,bmaxmin,0.047619047619047616,0.047619047619047616,1525500729
1.0-1000-classical-None-miconic-10,miconic,20,bcoverage,bnovelty,0.047619047619047616,0.047619047619047616,1525500729
1.0-1000-classical-None-miconic-10,miconic,20,bcoverage,maxsum_stability,0.17647058823529413,0.08108108108108109,1525500729
1.0-1000-classical-None-miconic-10,miconic,20,bmaxsum,bcoverage,0.14285714285714285,0.14285714285714285,1525500729
1.0-1000-classical-None-miconic-10,miconic,20,bmaxsum,bmaxsum,1.0,1.0,1525500729
1.0-1000-classical-None-miconic-10,miconic,20,bmaxsum,bmaxmin,0.1,0.1,1525500729
1.0-1000-classical-None-miconic-10,miconic,20,bmaxsum,bnovelty,0.1,0.1,1525500729
1.0-1000-classical-None-miconic-10,miconic,20,bmaxsum,maxsum_stability,0.42857142857142855,0.42857142857142855,1525500729
1.0-1000-classical-None-miconic-10,miconic,20,bmaxmin,bcoverage,0.047619047619047616,0.047619047619047616,1525500729
1.0-1000-classical-None-miconic-10,miconic,20,bmaxmin,bmaxsum,0.1,0.1,1525500729
1.0-1000-classical-None-miconic-10,miconic,20,bmaxmin,bmaxmin,1.0,1.0,1525500729
1.0-1000-classical-None-miconic-10,miconic,20,bmaxmin,bnovelty,1.0,1.0,1525500729
1.0-1000-classical-None-miconic-10,miconic,20,bmaxmin,maxsum_stability,0.1,0.1,1525500729
1.0-1000-classical-None-miconic-10,miconic,20,bnovelty,bcoverage,0.047619047619047616,0.047619047619047616,1525500729
1.0-1000-classical-None-miconic-10,miconic,20,bnovelty,bmaxsum,0.1,0.1,1525500729
1.0-1000-classical-None-miconic-10,miconic,20,bnovelty,bmaxmin,1.0,1.0,1525500729
1.0-1000-classical-None-miconic-10,miconic,20,bnovelty,bnovelty,1.0,1.0,1525500729
1.0-1000-classical-None-miconic-10,miconic,20,bnovelty,maxsum_stability,0.1,0.1,1525500729
1.0-1000-classical-None-miconic-10,miconic,20,maxsum_stability,bcoverage,0.17647058823529413,0.08108108108108109,1525500729
1.0-1000-classical-None-miconic-10,miconic,20,maxsum_stability,bmaxsum,0.42857142857142855,0.42857142857142855,1525500729
1.0-1000-classical-None-miconic-10,miconic,20,maxsum_stability,bmaxmin,0.1,0.1,1525500729
1.0-1000-classical-None-miconic-10,miconic,20,maxsum_stability,bnovelty,0.1,0.1,1525500729
1.0-1000-classical-None-miconic-10,miconic,20,maxsum_stability,maxsum_stability,1.0,1.0,1525500729
1.0-1000-classical-1998-movie-1,movie,20,bcoverage,bcoverage,1.0,1.0,744618490
1.0-1000-classical-1998-movie-1,movie,20,bcoverage,bmaxsum,0.17647058823529413,0.17647058823529413,744618490
1.0-1000-classical-1998-movie-1,movie,20,bcoverage,bmaxmin,0.14285714285714285,0.14285714285714285,744618490
1.0-1000-classical-1998-movie-1,movie,20,bcoverage,bnovelty,0.14285714285714285,0.14285714285714285,744618490
1.0-1000-classical-1998-movie-1,movie,20,bcoverage,maxsum_stability,0.21212121212121213,0.1111111111111111,744618490
1.0-1000-classical-1998-movie-1,movie,20,bmaxsum,bcoverage,0.17647058823529413,0.17647058823529413,744618490
1.0-1000-classical-1998-movie-1,movie,20,bmaxsum,bmaxsum,1.0,1.0,744618490
1.0-1000-classical-1998-movie-1,movie,20,bmaxsum,bmaxmin,0.2,0.2,744618490
1.0-1000-classical-1998-movie-1,movie,20,bmaxsum,bnovelty,0.2,0.2,744618490
1.0-1000-classical-1998-movie-1,movie,20,bmaxsum,maxsum_stability,0.17647058823529413,0.1111111111111111,744618490
1.0-1000-classical-1998-movie-1,movie,20,bmaxmin,bcoverage,0.14285714285714285,0.14285714285714285,744618490
1.0-1000-classical-1998-movie-1,movie,20,bmaxmin,bmaxsum,0.2,0.2,744618490
1.0-1000-classical-1998-movie-1,movie,20,bmaxmin,bmaxmin,1.0,1.0,744618490
1.0-1000-classical-1998-movie-1,movie,20,bmaxmin,bnovelty,1.0,1.0,744618490
1.0-1000-classical-1998-movie-1,movie,20,bmaxmin,maxsum_stability,0.09090909090909091,0.09090909090909091,744618490
1.0-1000-classical-1998-movie-1,movie,20,bnovelty,bcoverage,0.14285714285714285,0.14285714285714285,744618490
1.0-1000-classical-1998-movie-1,movie,20,bnovelty,bmaxsum,0.2,0.2,744618490
1.0-1000-classical-1998-movie-1,movie,20,bnovelty,bmaxmin,1.0,1.0,744618490
1.0-1000-classical-1998-movie-1,movie,20,bnovelty,bnovelty,1.0,1.0,744618490
1.0-1000-classical-1998-movie-1,movie,20,bnovelty,maxsum_stability,0.09090909090909091,0.09090909090909091,744618490
1.0-1000-classical-1998-movie-1,movie,20,maxsum_stability,bcoverage,0.21212121212121213,0.1111111111111111,744618490
1.0-1000-classical-1998-movie-1,movie,20,maxsum_stability,bmaxsum,0.17647058823529413,0.1111111111111111,744618490
1.0-1000-classical-1998-movie-1,movie,20,maxsum_stability,bmaxmin,0.09090909090909091,0.09090909090909091,744618490
1.0-1000-classical-1998-movie-1,movie,20,maxsum_stability,bnovelty,0.09090909090909091,0.09090909090909091,744618490
1.0-1000-classical-1998-movie-1,movie,20,maxsum_stability,maxsum_stability,1.0,1.0,744618490
1.0-1000-classical-2006-openstacks-1,openstacks,20,bcoverage,bcoverage,1.0,1.0,1425594218
1.0-1000-classical-2006-openstacks-1,openstacks,20,bcoverage,bmaxsum,0.6666666666666666,0.6666666666666666,1425594218
1.0-1000-classical-2006-openstacks-1,openstacks,20,bcoverage,bmaxmin,0.14285714285714285,0.14285714285714285,1425594218
1.0-1000-classical-2006-openstacks-1,openstacks,20,bcoverage,bnovelty,0.14285714285714285,0.14285714285714285,1425594218
1.0-1000-classical-2006-openstacks-1,openstacks,20,bcoverage,maxsum_stability,0.48148148148148145,0.21212121212121213,1425594218
1.0-1000-classical-2006-openstacks-1,openstacks,20,bmaxsum,bcoverage,0.6666666666666666,0.6666666666666666,1425594218
1.0-1000-classical-2006-openstacks-1,openstacks,20,bmaxsum,bmaxsum,1.0,1.0,1425594218
1.0-1000-classical-2006-openstacks-1,openstacks,20,bmaxsum,bmaxmin,0.2,0.2,1425594218
1.0-1000-classical-2006-openstacks-1,openstacks,20,bmaxsum,bnovelty,0.2,0.2,1425594218
1.0-1000-classical-2006-openstacks-1,openstacks,20,bmaxsum,maxsum_stability,0.48148148148148145,0.25,1425594218
1.0-1000-classical-2006-openstacks-1,openstacks,20,bmaxmin,bcoverage,0.14285714285714285,0.14285714285714285,1425594218
1.0-1000-classical-2006-openstacks-1,openstacks,20,bmaxmin,bmaxsum,0.2,0.2,1425594218
1.0-1000-classical-2006-openstacks-1,openstacks,20,bmaxmin,bmaxmin,1.0,1.0,1425594218
1.0-1000-classical-2006-openstacks-1,openstacks,20,bmaxmin,bnovelty,1.0,1.0,1425594218
1.0-1000-classical-2006-openstacks-1,openstacks,20,bmaxmin,maxsum_stability,0.14285714285714285,0.043478260869565216,1425594218
1.0-1000-classical-2006-openstacks-1,openstacks,20,bnovelty,bcoverage,0.14285714285714285,0.14285714285714285,1425594218
1.0-1000-classical-2006-openstacks-1,openstacks,20,bnovelty,bmaxsum,0.2,0.2,1425594218
1.0-1000-classical-2006-openstacks-1,openstacks,20,bnovelty,bmaxmin,1.0,1.0,1425594218
1.0-1000-classical-2006-openstacks-1,openstacks,20,bnovelty,bnovelty,1.0,1.0,1425594218
1.0-1000-classical-2006-openstacks-1,openstacks,20,bnovelty,maxsum_stability,0.14285714285714285,0.043478260869565216,1425594218
1.0-1000-classical-2006-openstacks-1,openstacks,20,maxsum_stability,bcoverage,0.48148148148148145,0.21212121212121213,1425594218
1.0-1000-classical-2006-openstacks-1,openstacks,20,maxsum_stability,bmaxsum,0.48148148148148145,0.25,1425594218
1.0-1000-classical-2006-openstacks-1,openstacks,20,maxsum_stability,bmaxmin,0.14285714285714285,0.043478260869565216,1425594218
1.0-1000-classical-2006-openstacks-1,openstacks,20,maxsum_stability,bnovelty,0.14285714285714285,0.043478260869565216,1425594218
1.0-1000-classical-2006-openstacks-1,openstacks,20,maxsum_stability,maxsum_stability,1.0,1.0,1425594218
1.0-1000-classical-2008-pegsol-12,pegsol,20,bcoverage,bcoverage,1.0,1.0,1782990122
1.0-1000-classical-2008-pegsol-12,pegsol,20,bcoverage,bmaxsum,0.17647058823529413,0.17647058823529413,1782990122
1.0-1000-classical-2008-pegsol-12,pegsol,20,bcoverage,bmaxmin,0.09523809523809523,0.09523809523809523,1782990122
1.0-1000-classical-2008-pegsol-12,pegsol,20,bcoverage,bnovelty,0.09523809523809523,0.09523809523809523,1782990122
1.0-1000-classical-2008-pegsol-12,pegsol,20,bcoverage,maxsum_stability,0.26666666666666666,0.17647058823529413,1782990122
1.0-1000-classical-2008-pegsol-12,pegsol,20,bmaxsum,bcoverage,0.17647058823529413,0.17647058823529413,1782990122
1.0-1000-classical-2008-pegsol-12,pegsol,20,bmaxsum,bmaxsum,1.0,1.0,1782990122
1.0-1000-classical-2008-pegsol-12,pegsol,20,bmaxsum,bmaxmin,0.15,0.15,1782990122
1.0-1000-classical-2008-pegsol-12,pegsol,20,bmaxsum,bnovelty,0.15,0.15,1782990122
1.0-1000-classical-2008-pegsol-12,pegsol,20,bmaxsum,maxsum_stability,0.05555555555555555,0.05263157894736842,1782990122
1.0-1000-classical-2008-pegsol-12,pegsol,20,bmaxmin,bcoverage,0.09523809523809523,0.09523809523809523,1782990122
1.0-1000-classical-2008-pegsol-12,pegsol,20,bmaxmin,bmaxsum,0.15,0.15,1782990122
1.0-1000-classical-2008-pegsol-12,pegsol,20,bmaxmin,bmaxmin,1.0,1.0,1782990122
1.0-1000-classical-2008-pegsol-12,pegsol,20,bmaxmin,bnovelty,1.0,1.0,1782990122
1.0-1000-classical-2008-pegsol-12,pegsol,20,bmaxmin,maxsum_stability,0.05,0.045454545454545456,1782990122
1.0-1000-classical-2008-pegsol-12,pegsol,20,bnovelty,bcoverage,0.09523809523809523,0.09523809523809523,1782990122
1.0-1000-classical-2008-pegsol-12,pegsol,20,bnovelty,bmaxsum,0.15,0.15,1782990122
1.0-1000-classical-2008-pegsol-12,pegsol,20,bnovelty,bmaxmin,1.0,1.0,1782990122
1.0-1000-classical-2008-pegsol-12,pegsol,20,bnovelty,bnovelty,1.0,1.0,1782990122
1.0-1000-classical-2008-pegsol-12,pegsol,20,bnovelty,maxsum_stability,0.05,0.045454545454545456,1782990122
1.0-1000-classical-2008-pegsol-12,pegsol,20,maxsum_stability,bcoverage,0.26666666666666666,0.17647058823529413,1782990122
1.0-1000-classical-2008-pegsol-12,pegsol,20,maxsum_stability,bmaxsum,0.05555555555555555,0.05263157894736842,1782990122
1.0-1000-classical-2008-pegsol-12,pegsol,20,maxsum_stability,bmaxmin,0.05,0.045454545454545456,1782990122
1.0-1000-classical-2008-pegsol-12,pegsol,20,maxsum_stability,bnovelty,0.05,0.045454545454545456,1782990122
1.0-1000-classical-2008-pegsol-12,pegsol,20,maxsum_stability,maxsum_stability,1.0,1.0,1782990122
1.0-1000-classical-2004-pipesworld-notankage-8,pipesworld-notankage,20,bcoverage,bcoverage,1.0,1.0,2065366244
1.0-1000-classical-2004-pipesworld-notankage-8,pipesworld-notankage,20,bcoverage,bmaxsum,0.48148148148148145,0.48148148148148145,2065366244
1.0-1000-classical-2004-pipesworld-notankage-8,pipesworld-notankage,20,bcoverage,bmaxmin,0.047619047619047616,0.047619047619047616,2065366244
1.0-1000-classical-2004-pipesworld-notankage-8,pipesworld-notankage,20,bcoverage,bnovelty,0.1,0.1,2065366244
1.0-1000-classical-2004-pipesworld-notankage-8,pipesworld-notankage,20,bcoverage,maxsum_stability,0.56,0.1111111111111111,2065366244
1.0-1000-classical-2004-pipesworld-notankage-8,pipesworld-notankage,20,bmaxsum,bcoverage,0.48148148148148145,0.48148148148148145,2065366244
1.0-1000-classical-2004-pipesworld-notankage-8,pipesworld-notankage,20,bmaxsum,bmaxsum,1.0,1.0,2065366244
1.0-1000-classical-2004-pipesworld-notankage-8,pipesworld-notankage,20,bmaxsum,bmaxmin,0.1,0.1,2065366244
1.0-1000-classical-2004-pipesworld-notankage-8,pipesworld-notankage,20,bmaxsum,bnovelty,0.1,0.1,2065366244
1.0-1000-classical-2004-pipesworld-notankage-8,pipesworld-notankage,20,bmaxsum,maxsum_stability,0.3448275862068966,0.1111111111111111,2065366244
1.0-1000-classical-2004-pipesworld-notankage-8,pipesworld-notankage,20,bmaxmin,bcoverage,0.047619047619047616,0.047619047619047616,2065366244
1.0-1000-classical-2004-pipesworld-notankage-8,pipesworld-notankage,20,bmaxmin,bmaxsum,0.1,0.1,2065366244
1.0-1000-classical-2004-pipesworld-notankage-8,pipesworld-notankage,20,bmaxmin,bmaxmin,1.0,1.0,2065366244
1.0-1000-classical-2004-pipesworld-notankage-8,pipesworld-notankage,20,bmaxmin,bnovelty,0.0,0.0,2065366244
1.0-1000-classical-2004-pipesworld-notankage-8,pipesworld-notankage,20,bmaxmin,maxsum_stability,0.05,0.047619047619047616,2065366244
1.0-1000-classical-2004-pipesworld-notankage-8,pipesworld-notankage,20,bnovelty,bcoverage,0.1,0.1,2065366244
1.0-1000-classical-2004-pipesworld-notankage-8,pipesworld-notankage,20,bnovelty,bmaxsum,0.1,0.1,2065366244
1.0-1000-classical-2004-pipesworld-notankage-8,pipesworld-notankage,20,bnovelty,bmaxmin,0.0,0.0,2065366244
1.0-1000-classical-2004-pipesworld-notankage-8,pipesworld-notankage,20,bnovelty,bnovelty,1.0,1.0,2065366244
1.0-1000-classical-2004-pipesworld-notankage-8,pipesworld-notankage,20,bnovelty,maxsum_stability,0.10526315789473684,0.047619047619047616,2065366244
1.0-1000-classical-2004-pipesworld-notankage-8,pipesworld-notankage,20,maxsum_stability,bcoverage,0.56,0.1111111111111111,2065366244
1.0-1000-classical-2004-pipesworld-notankage-8,pipesworld-notankage,20,maxsum_stability,bmaxsum,0.3448275862068966,0.1111111111111111,2065366244
1.0-1000-classical-2004-pipesworld-notankage-8,pipesworld-notankage,20,maxsum_stability,bmaxmin,0.05,0.047619047619047616,2065366244
1.0-1000-classical-2004-pipesworld-notankage-8,pipesworld-notankage,20,maxsum_stability,bnovelty,0.10526315789473684,0.047619047619047616,2065366244
1.0-1000-classical-2004-pipesworld-notankage-8,pipesworld-notankage,20,maxsum_stability,maxsum_stability,1.0,1.0,2065366244
1.0-1000-classical-2004-psr-small-50,psr-small,20,bcoverage,bcoverage,1.0,1.0,241860376
1.0-1000-classical-2004-psr-small-50,psr-small,20,bcoverage,bmaxsum,0.7391304347826086,0.7391304347826086,241860376
1.0-1000-classical-2004-psr-small-50,psr-small,20,bcoverage,bmaxmin,0.2,0.2,241860376
1.0-1000-classical-2004-psr-small-50,psr-small,20,bcoverage,bnovelty,0.2,0.2,241860376
1.0-1000-classical-2004-psr-small-50,psr-small,20,bcoverage,maxsum_stability,1.0,1.0,241860376
1.0-1000-classical-2004-psr-small-50,psr-small,20,bmaxsum,bcoverage,0.7391304347826086,0.7391304347826086,241860376
1.0-1000-classical-2004-psr-small-50,psr-small,20,bmaxsum,bmaxsum,1.0,1.0,241860376
1.0-1000-classical-2004-psr-small-50,psr-small,20,bmaxsum,bmaxmin,0.2,0.2,241860376
1.0-1000-classical-2004-psr-small-50,psr-small,20,bmaxsum,bnovelty,0.2,0.2,241860376
1.0-1000-classical-2004-psr-small-50,psr-small,20,bmaxsum,maxsum_stability,0.7391304347826086,0.7391304347826086,241860376
1.0-1000-classical-2004-psr-small-50,psr-small,20,bmaxmin,bcoverage,0.2,0.2,241860376
1.0-1000-classical-2004-psr-small-50,psr-small,20,bmaxmin,bmaxsum,0.2,0.2,241860376
1.0-1000-classical-2004-psr-small-50,psr-small,20,bmaxmin,bmaxmin,1.0,1.0,241860376
1.0-1000-classical-2004-psr-small-50,psr-small,20,bmaxmin,bnovelty,1.0,1.0,241860376
1.0-1000-classical-2004-psr-small-50,psr-small,20,bmaxmin,maxsum_stability,0.2,0.2,241860376
1.0-1000-classical-2004-psr-small-50,psr-small,20,bnovelty,bcoverage,0.2,0.2,241860376
1.0-1000-classical-2004-psr-small-50,psr-small,20,bnovelty,bmaxsum,0.2,0.2,241860376
1.0-1000-classical-2004-psr-small-50,psr-small,20,bnovelty,bmaxmin,1.0,1.0,241860376
1.0-1000-classical-2004-psr-small-50,psr-small,20,bnovelty,bnovelty,1.0,1.0,241860376
1.0-1000-classical-2004-psr-small-50,psr-small,20,bnovelty,maxsum_stability,0.2,0.2,241860376
1.0-1000-classical-2004-psr-small-50,psr-small,20,maxsum_stability,bcoverage,1.0,1.0,241860376
1.0-1000-classical-2004-psr-small-50,psr-small,20,maxsum_stability,bmaxsum,0.7391304347826086,0.7391304347826086,241860376
1.0-1000-classical-2004-psr-small-50,psr-small,20,maxsum_stability,bmaxmin,0.2,0.2,241860376
1.0-1000-classical-2004-psr-small-50,psr-small,20,maxsum_stability,bnovelty,0.2,0.2,241860376
1.0-1000-classical-2004-psr-small-50,psr-small,20,maxsum_stability,maxsum_stability,1.0,1.0,241860376
1.0-1000-classical-2004-satellite-10,satellite,20,bcoverage,bcoverage,1.0,1.0,1097989417
1.0-1000-classical-2004-satellite-10,satellite,20,bcoverage,bmaxsum,0.25,0.25,1097989417
1.0-1000-classical-2004-satellite-10,satellite,20,bcoverage,bmaxmin,0.047619047619047616,0.047619047619047616,1097989417
1.0-1000-classical-2004-satellite-10,satellite,20,bcoverage,bnovelty,0.047619047619047616,0.047619047619047616,1097989417
1.0-1000-classical-2004-satellite-10,satellite,20,bcoverage,maxsum_stability,0.08108108108108109,0.08108108108108109,1097989417
1.0-1000-classical-2004-satellite-10,satellite,20,bmaxsum,bcoverage,0.25,0.25,1097989417
1.0-1000-classical-2004-satellite-10,satellite,20,bmaxsum,bmaxsum,1.0,1.0,1097989417
1.0-1000-classical-2004-satellite-10,satellite,20,bmaxsum,bmaxmin,0.1,0.1,1097989417
1.0-1000-classical-2004-satellite-10,satellite,20,bmaxsum,bnovelty,0.1,0.1,1097989417
1.0-1000-classical-2004-satellite-10,satellite,20,bmaxsum,maxsum_stability,0.02564102564102564,0.02564102564102564,1097989417
1.0-1000-classical-2004-satellite-10,satellite,20,bmaxmin,bcoverage,0.047619047619047616,0.047619047619047616,1097989417
1.0-1000-classical-2004-satellite-10,satellite,20,bmaxmin,bmaxsum,0.1,0.1,1097989417
1.0-1000-classical-2004-satellite-10,satellite,20,bmaxmin,bmaxmin,1.0,1.0,1097989417
1.0-1000-classical-2004-satellite-10,satellite,20,bmaxmin,bnovelty,1.0,1.0,1097989417
1.0-1000-classical-2004-satellite-10,satellite,20,bmaxmin,maxsum_stability,0.047619047619047616,0.047619047619047616,1097989417
1.0-1000-classical-2004-satellite-10,satellite,20,bnovelty,bcoverage,0.047619047619047616,0.047619047619047616,1097989417
1.0-1000-classical-2004-satellite-10,satellite,20,bnovelty,bmaxsum,0.1,0.1,1097989417
1.0-1000-classical-2004-satellite-10,satellite,20,bnovelty,bmaxmin,1.0,1.0,1097989417
1.0-1000-classical-2004-satellite-10,satellite,20,bnovelty,bnovelty,1.0,1.0,1097989417
1.0-1000-classical-2004-satellite-10,satellite,20,bnovelty,maxsum_stability,0.047619047619047616,0.047619047619047616,1097989417
1.0-1000-classical-2004-satellite-10,satellite,20,maxsum_stability,bcoverage,0.08108108108108109,0.08108108108108109,1097989417
1.0-1000-classical-2004-satellite-10,satellite,20,maxsum_stability,bmaxsum,0.02564102564102564,0.02564102564102564,1097989417
1.0-1000-classical-2004-satellite-10,satellite,20,maxsum_stability,bmaxmin,0.047619047619047616,0.047619047619047616,1097989417
1.0-1000-classical-2004-satellite-10,satellite,20,maxsum_stability,bnovelty,0.047619047619047616,0.047619047619047616,1097989417
1.0-1000-classical-2004-satellite-10,satellite,20,maxsum_stability,maxsum_stability,1.0,1.0,1097989417
1.0-1000-classical-2008-scanalyzer-1,scanalyzer,20,bcoverage,bcoverage,1.0,1.0,558476505
1.0-1000-classical-2008-scanalyzer-1,scanalyzer,20,bcoverage,bmaxsum,0.6,0.6,558476505
1.0-1000-classical-2008-scanalyzer-1,scanalyzer,20,bcoverage,bmaxmin,0.09523809523809523,0.09523809523809523,558476505
1.0-1000-classical-2008-scanalyzer-1,scanalyzer,20,bcoverage,bnovelty,0.09523809523809523,0.09523809523809523,558476505
1.0-1000-classical-2008-scanalyzer-1,scanalyzer,20,bcoverage,maxsum_stability,0.6666666666666666,0.6666666666666666,558476505
1.0-1000-classical-2008-scanalyzer-1,scanalyzer,20,bmaxsum,bcoverage,0.6,0.6,558476505
1.0-1000-classical-2008-scanalyzer-1,scanalyzer,20,bmaxsum,bmaxsum,1.0,1.0,558476505
1.0-1000-classical-2008-scanalyzer-1,scanalyzer,20,bmaxsum,bmaxmin,0.15,0.15,558476505
1.0-1000-classical-2008-scanalyzer-1,scanalyzer,20,bmaxsum,bnovelty,0.15,0.15,558476505
1.0-1000-classical-2008-scanalyzer-1,scanalyzer,20,bmaxsum,maxsum_stability,0.48148148148148145,0.48148148148148145,558476505
1.0-1000-classical-2008-scanalyzer-1,scanalyzer,20,bmaxmin,bcoverage,0.09523809523809523,0.09523809523809523,558476505
1.0-1000-classical-2008-scanalyzer-1,scanalyzer,20,bmaxmin,bmaxsum,0.15,0.15,558476505
1.0-1000-classical-2008-scanalyzer-1,scanalyzer,20,bmaxmin,bmaxmin,1.0,1.0,558476505
1.0-1000-classical-2008-scanalyzer-1,scanalyzer,20,bmaxmin,bnovelty,1.0,1.0,558476505
1.0-1000-classical-2008-scanalyzer-1,scanalyzer,20,bmaxmin,maxsum_stability,0.09523809523809523,0.09523809523809523,558476505
1.0-1000-classical-2008-scanalyzer-1,scanalyzer,20,bnovelty,bcoverage,0.09523809523809523,0.09523809523809523,558476505
1.0-1000-classical-2008-scanalyzer-1,scanalyzer,20,bnovelty,bmaxsum,0.15,0.15,558476505
1.0-1000-classical-2008-scanalyzer-1,scanalyzer,20,bnovelty,bmaxmin,1.0,1.0,558476505
1.0-1000-classical-2008-scanalyzer-1,scanalyzer,20,bnovelty,bnovelty,1.0,1.0,558476505
1.0-1000-classical-2008-scanalyzer-1,scanalyzer,20,bnovelty,maxsum_stability,0.09523809523809523,0.09523809523809523,558476505
1.0-1000-classical-2008-scanalyzer-1,scanalyzer,20,maxsum_stability,bcoverage,0.6666666666666666,0.6666666666666666,558476505
1.0-1000-classical-2008-scanalyzer-1,scanalyzer,20,maxsum_stability,bmaxsum,0.48148148148148145,0.48148148148148145,558476505
1.0-1000-classical-2008-scanalyzer-1,scanalyzer,20,maxsum_stability,bmaxmin,0.09523809523809523,0.09523809523809523,558476505
1.0-1000-classical-2008-scanalyzer-1,scanalyzer,20,maxsum_stability,bnovelty,0.09523809523809523,0.09523809523809523,558476505
1.0-1000-classical-2008-scanalyzer-1,scanalyzer,20,maxsum_stability,maxsum_stability,1.0,1.0,558476505
1.0-1000-classical-2000-schedule-1,schedule,20,bcoverage,bcoverage,1.0,1.0,1496174874
1.0-1000-classical-2000-schedule-1,schedule,20,bcoverage,bmaxsum,0.08108108108108109,0.08108108108108109,1496174874
1.0-1000-classical-2000-schedule-1,schedule,20,bcoverage,bmaxmin,0.1,0.1,1496174874
1.0-1000-classical-2000-schedule-1,schedule,20,bcoverage,bnovelty,0.1,0.1,1496174874
1.0-1000-classical-2000-schedule-1,schedule,20,bcoverage,maxsum_stability,0.25,0.25,1496174874
1.0-1000-classical-2000-schedule-1,schedule,20,bmaxsum,bcoverage,0.08108108108108109,0.08108108108108109,1496174874
1.0-1000-classical-2000-schedule-1,schedule,20,bmaxsum,bmaxsum,1.0,1.0,1496174874
1.0-1000-classical-2000-schedule-1,schedule,20,bmaxsum,bmaxmin,0.1,0.1,1496174874
1.0-1000-classical-2000-schedule-1,schedule,20,bmaxsum,bnovelty,0.1,0.1,1496174874
1.0-1000-classical-2000-schedule-1,schedule,20,bmaxsum,maxsum_stability,0.21212121212121213,0.21212121212121213,1496174874
1.0-1000-classical-2000-schedule-1,schedule,20,bmaxmin,bcoverage,0.1,0.1,1496174874
1.0-1000-classical-2000-schedule-1,schedule,20,bmaxmin,bmaxsum,0.1,0.1,1496174874
1.0-1000-classical-2000-schedule-1,schedule,20,bmaxmin,bmaxmin,1.0,1.0,1496174874
1.0-1000-classical-2000-schedule-1,schedule,20,bmaxmin,bnovelty,1.0,1.0,1496174874
1.0-1000-classical-2000-schedule-1,schedule,20,bmaxmin,maxsum_stability,0.047619047619047616,0.047619047619047616,1496174874
1.0-1000-classical-2000-schedule-1,schedule,20,bnovelty,bcoverage,0.1,0.1,1496174874
1.0-1000-classical-2000-schedule-1,schedule,20,bnovelty,bmaxsum,0.1,0.1,1496174874
1.0-1000-classical-2000-schedule-1,schedule,20,bnovelty,bmaxmin,1.0,1.0,1496174874
1.0-1000-classical-2000-schedule-1,schedule,20,bnovelty,bnovelty,1.0,1.0,1496174874
1.0-1000-classical-2000-schedule-1,schedule,20,bnovelty,maxsum_stability,0.047619047619047616,0.047619047619047616,1496174874
1.0-1000-classical-2000-schedule-1,schedule,20,maxsum_stability,bcoverage,0.25,0.25,1496174874
1.0-1000-classical-2000-schedule-1,schedule,20,maxsum_stability,bmaxsum,0.21212121212121213,0.21212121212121213,1496174874
1.0-1000-classical-2000-schedule-1,schedule,20,maxsum_stability,bmaxmin,0.047619047619047616,0.047619047619047616,1496174874
1.0-1000-classical-2000-schedule-1,schedule,20,maxsum_stability,bnovelty,0.047619047619047616,0.047619047619047616,1496174874
1.0-1000-classical-2000-schedule-1,schedule,20,maxsum_stability,maxsum_stability,1.0,1.0,1496174874
1.0-1000-classical-2006-tpp-4,tpp,20,bcoverage,bcoverage,1.0,1.0,240516610
1.0-1000-classical-2006-tpp-4,tpp,20,bcoverage,bmaxsum,0.9047619047619048,0.9047619047619048,240516610
1.0-1000-classical-2006-tpp-4,tpp,20,bcoverage,bmaxmin,0.2,0.2,240516610
1.0-1000-classical-2006-tpp-4,tpp,20,bcoverage,bnovelty,0.2,0.2,240516610
1.0-1000-classical-2006-tpp-4,tpp,20,bcoverage,maxsum_stability,1.0,1.0,240516610
1.0-1000-classical-2006-tpp-4,tpp,20,bmaxsum,bcoverage,0.9047619047619048,0.9047619047619048,240516610
1.0-1000-classical-2006-tpp-4,tpp,20,bmaxsum,bmaxsum,1.0,1.0,240516610
1.0-1000-classical-2006-tpp-4,tpp,20,bmaxsum,bmaxmin,0.2,0.2,240516610
1.0-1000-classical-2006-tpp-4,tpp,20,bmaxsum,bnovelty,0.2,0.2,240516610
1.0-1000-classical-2006-tpp-4,tpp,20,bmaxsum,maxsum_stability,0.9047619047619048,0.9047619047619048,240516610
1.0-1000-classical-2006-tpp-4,tpp,20,bmaxmin,bcoverage,0.2,0.2,240516610
1.0-1000-classical-2006-tpp-4,tpp,20,bmaxmin,bmaxsum,0.2,0.2,240516610
1.0-1000-classical-2006-tpp-4,tpp,20,bmaxmin,bmaxmin,1.0,1.0,240516610
1.0-1000-classical-2006-tpp-4,tpp,20,bmaxmin,bnovelty,1.0,1.0,240516610
1.0-1000-classical-2006-tpp-4,tpp,20,bmaxmin,maxsum_stability,0.2,0.2,240516610
1.0-1000-classical-2006-tpp-4,tpp,20,bnovelty,bcoverage,0.2,0.2,240516610
1.0-1000-classical-2006-tpp-4,tpp,20,bnovelty,bmaxsum,0.2,0.2,240516610
1.0-1000-classical-2006-tpp-4,tpp,20,bnovelty,bmaxmin,1.0,1.0,240516610
1.0-1000-classical-2006-tpp-4,tpp,20,bnovelty,bnovelty,1.0,1.0,240516610
1.0-1000-classical-2006-tpp-4,tpp,20,bnovelty,maxsum_stability,0.2,0.2,240516610
1.0-1000-classical-2006-tpp-4,tpp,20,maxsum_stability,bcoverage,1.0,1.0,240516610
1.0-1000-classical-2006-tpp-4,tpp,20,maxsum_stability,bmaxsum,0.9047619047619048,0.9047619047619048,240516610
1.0-1000-classical-2006-tpp-4,tpp,20,maxsum_stability,bmaxmin,0.2,0.2,240516610
1.0-1000-classical-2006-tpp-4,tpp,20,maxsum_stability,bnovelty,0.2,0.2,240516610
1.0-1000-classical-2006-tpp-4,tpp,20,maxsum_stability,maxsum_stability,1.0,1.0,240516610
1.0-1000-classical-None-trucks-4,trucks,20,bcoverage,bcoverage,1.0,1.0,1951623839
1.0-1000-classical-None-trucks-4,trucks,20,bcoverage,bmaxsum,0.5384615384615384,0.5384615384615384,1951623839
1.0-1000-classical-None-trucks-4,trucks,20,bcoverage,bmaxmin,0.1,0.1,1951623839
1.0-1000-classical-None-trucks-4,trucks,20,bcoverage,bnovelty,0.1,0.1,1951623839
1.0-1000-classical-None-trucks-4,trucks,20,bcoverage,maxsum_stability,0.46153846153846156,0.17647058823529413,1951623839
1.0-1000-classical-None-trucks-4,trucks,20,bmaxsum,bcoverage,0.5384615384615384,0.5384615384615384,1951623839
1.0-1000-classical-None-trucks-4,trucks,20,bmaxsum,bmaxsum,1.0,1.0,1951623839
1.0-1000-classical-None-trucks-4,trucks,20,bmaxsum,bmaxmin,0.1,0.1,1951623839
1.0-1000-classical-None-trucks-4,trucks,20,bmaxsum,bnovelty,0.1,0.1,1951623839
1.0-1000-classical-None-trucks-4,trucks,20,bmaxsum,maxsum_stability,0.5833333333333334,0.21212121212121213,1951623839
1.0-1000-classical-None-trucks-4,trucks,20,bmaxmin,bcoverage,0.1,0.1,1951623839
1.0-1000-classical-None-trucks-4,trucks,20,bmaxmin,bmaxsum,0.1,0.1,1951623839
1.0-1000-classical-None-trucks-4,trucks,20,bmaxmin,bmaxmin,1.0,1.0,1951623839
1.0-1000-classical-None-trucks-4,trucks,20,bmaxmin,bnovelty,1.0,1.0,1951623839
1.0-1000-classical-None-trucks-4,trucks,20,bmaxmin,maxsum_stability,0.1111111111111111,0.1,1951623839
1.0-1000-classical-None-trucks-4,trucks,20,bnovelty,bcoverage,0.1,0.1,1951623839
1.0-1000-classical-None-trucks-4,trucks,20,bnovelty,bmaxsum,0.1,0.1,1951623839
1.0-1000-classical-None-trucks-4,trucks,20,bnovelty,bmaxmin,1.0,1.0,1951623839
1.0-1000-classical-None-trucks-4,trucks,20,bnovelty,bnovelty,1.0,1.0,1951623839
1.0-1000-classical-None-trucks-4,trucks,20,bnovelty,maxsum_stability,0.1111111111111111,0.1,1951623839
1.0-1000-classical-None-trucks-4,trucks,20,maxsum_stability,bcoverage,0.46153846153846156,0.17647058823529413,1951623839
1.0-1000-classical-None-trucks-4,trucks,20,maxsum_stability,bmaxsum,0.5833333333333334,0.21212121212121213,1951623839
1.0-1000-classical-None-trucks-4,trucks,20,maxsum_stability,bmaxmin,0.1111111111111111,0.1,1951623839
1.0-1000-classical-None-trucks-4,trucks,20,maxsum_stability,bnovelty,0.1111111111111111,0.1,1951623839
1.0-1000-classical-None-trucks-4,trucks,20,maxsum_stability,maxsum_stability,1.0,1.0,1951623839
1.0-1000-classical-None-tsp-13,tsp,20,bcoverage,bcoverage,1.0,1.0,608455527
1.0-1000-classical-None-tsp-13,tsp,20,bcoverage,bmaxsum,0.17647058823529413,0.17647058823529413,608455527
1.0-1000-classical-None-tsp-13,tsp,20,bcoverage,bmaxmin,0.047619047619047616,0.047619047619047616,608455527
1.0-1000-classical-None-tsp-13,tsp,20,bcoverage,bnovelty,0.047619047619047616,0.047619047619047616,608455527
1.0-1000-classical-None-tsp-13,tsp,20,bcoverage,maxsum_stability,0.05263157894736842,0.05263157894736842,608455527
1.0-1000-classical-None-tsp-13,tsp,20,bmaxsum,bcoverage,0.17647058823529413,0.17647058823529413,608455527
1.0-1000-classical-None-tsp-13,tsp,20,bmaxsum,bmaxsum,1.0,1.0,608455527
1.0-1000-classical-None-tsp-13,tsp,20,bmaxsum,bmaxmin,0.1,0.1,608455527
1.0-1000-classical-None-tsp-13,tsp,20,bmaxsum,bnovelty,0.1,0.1,608455527
1.0-1000-classical-None-tsp-13,tsp,20,bmaxsum,maxsum_stability,0.02564102564102564,0.02564102564102564,608455527
1.0-1000-classical-None-tsp-13,tsp,20,bmaxmin,bcoverage,0.047619047619047616,0.047619047619047616,608455527
1.0-1000-classical-None-tsp-13,tsp,20,bmaxmin,bmaxsum,0.1,0.1,608455527
1.0-1000-classical-None-tsp-13,tsp,20,bmaxmin,bmaxmin,1.0,1.0,608455527
1.0-1000-classical-None-tsp-13,tsp,20,bmaxmin,bnovelty,1.0,1.0,608455527
1.0-1000-classical-None-tsp-13,tsp,20,bmaxmin,maxsum_stability,0.047619047619047616,0.047619047619047616,608455527
1.0-1000-classical-None-tsp-13,tsp,20,bnovelty,bcoverage,0.047619047619047616,0.047619047619047616,608455527
1.0-1000-classical-None-tsp-13,tsp,20,bnovelty,bmaxsum,0.1,0.1,608455527
1.0-1000-classical-None-tsp-13,tsp,20,bnovelty,bmaxmin,1.0,1.0,608455527
1.0-1000-classical-None-tsp-13,tsp,20,bnovelty,bnovelty,1.0,1.0,608455527
1.0-1000-classical-None-tsp-13,tsp,20,bnovelty,maxsum_stability,0.047619047619047616,0.047619047619047616,608455527
1.0-1000-classical-None-tsp-13,tsp,20,maxsum_stability,bcoverage,0.05263157894736842,0.05263157894736842,608455527
1.0-1000-classical-None-tsp-13,tsp,20,maxsum_stability,bmaxsum,0.02564102564102564,0.02564102564102564,608455527
1.0-1000-classical-None-tsp-13,tsp,20,maxsum_stability,bmaxmin,0.047619047619047616,0.047619047619047616,608455527
1.0-1000-classical-None-tsp-13,tsp,20,maxsum_stability,bnovelty,0.047619047619047616,0.047619047619047616,608455527
1.0-1000-classical-None-tsp-13,tsp,20,maxsum_stability,maxsum_stability,1.0,1.0,608455527
1.0-1000-classical-2014-visitall-16,visitall,20,bcoverage,bcoverage,1.0,1.0,1622429557
1.0-1000-classical-2014-visitall-16,visitall,20,bcoverage,bmaxsum,0.14285714285714285,0.14285714285714285,1622429557
1.0-1000-classical-2014-visitall-16,visitall,20,bcoverage,bmaxmin,0.09090909090909091,0.09090909090909091,1622429557
1.0-1000-classical-2014-visitall-16,visitall,20,bcoverage,bnovelty,0.09090909090909091,0.09090909090909091,1622429557
1.0-1000-classical-2014-visitall-16,visitall,20,bcoverage,maxsum_stability,0.14285714285714285,0.14285714285714285,1622429557
1.0-1000-classical-2014-visitall-16,visitall,20,bmaxsum,bcoverage,0.14285714285714285,0.14285714285714285,1622429557
1.0-1000-classical-2014-visitall-16,visitall,20,bmaxsum,bmaxsum,1.0,1.0,1622429557
1.0-1000-classical-2014-visitall-16,visitall,20,bmaxsum,bmaxmin,0.2,0.2,1622429557
1.0-1000-classical-2014-visitall-16,visitall,20,bmaxsum,bnovelty,0.2,0.2,1622429557
1.0-1000-classical-2014-visitall-16,visitall,20,bmaxsum,maxsum_stability,0.02564102564102564,0.02564102564102564,1622429557
1.0-1000-classical-2014-visitall-16,visitall,20,bmaxmin,bcoverage,0.09090909090909091,0.09090909090909091,1622429557
1.0-1000-classical-2014-visitall-16,visitall,20,bmaxmin,bmaxsum,0.2,0.2,1622429557
1.0-1000-classical-2014-visitall-16,visitall,20,bmaxmin,bmaxmin,1.0,1.0,1622429557
1.0-1000-classical-2014-visitall-16,visitall,20,bmaxmin,bnovelty,1.0,1.0,1622429557
1.0-1000-classical-2014-visitall-16,visitall,20,bmaxmin,maxsum_stability,0.0,0.0,1622429557
1.0-1000-classical-2014-visitall-16,visitall,20,bnovelty,bcoverage,0.09090909090909091,0.09090909090909091,1622429557
1.0-1000-classical-2014-visitall-16,visitall,20,bnovelty,bmaxsum,0.2,0.2,1622429557
1.0-1000-classical-2014-visitall-16,visitall,20,bnovelty,bmaxmin,1.0,1.0,1622429557
1.0-1000-classical-2014-visitall-16,visitall,20,bnovelty,bnovelty,1.0,1.0,1622429557
1.0-1000-classical-2014-visitall-16,visitall,20,bnovelty,maxsum_stability,0.0,0.0,1622429557
1.0-1000-classical-2014-visitall-16,visitall,20,maxsum_stability,bcoverage,0.14285714285714285,0.14285714285714285,1622429557
1.0-1000-classical-2014-visitall-16,visitall,20,maxsum_stability,bmaxsum,0.02564102564102564,0.02564102564102564,1622429557
1.0-1000-classical-2014-visitall-16,visitall,20,maxsum_stability,bmaxmin,0.0,0.0,1622429557
1.0-1000-classical-2014-visitall-16,visitall,20,maxsum_stability,bnovelty,0.0,0.0,1622429557
1.0-1000-classical-2014-visitall-16,visitall,20,maxsum_stability,maxsum_stability,1.0,1.0,1622429557
1.0-1000-classical-2008-woodworking-10,woodworking,20,bcoverage,bcoverage,1.0,1.0,537116571
1.0-1000-classical-2008-woodworking-10,woodworking,20,bcoverage,bmaxsum,0.08108108108108109,0.08108108108108109,537116571
1.0-1000-classical-2008-woodworking-10,woodworking,20,bcoverage,bmaxmin,0.1,0.1,537116571
1.0-1000-classical-2008-woodworking-10,woodworking,20,bcoverage,bnovelty,0.1,0.1,537116571
1.0-1000-classical-2008-woodworking-10,woodworking,20,bcoverage,maxsum_stability,1.0,1.0,537116571
1.0-1000-classical-2008-woodworking-10,woodworking,20,bmaxsum,bcoverage,0.08108108108108109,0.08108108108108109,537116571
1.0-1000-classical-2008-woodworking-10,woodworking,20,bmaxsum,bmaxsum,1.0,1.0,537116571
1.0-1000-classical-2008-woodworking-10,woodworking,20,bmaxsum,bmaxmin,0.1,0.1,537116571
1.0-1000-classical-2008-woodworking-10,woodworking,20,bmaxsum,bnovelty,0.1,0.1,537116571
1.0-1000-classical-2008-woodworking-10,woodworking,20,bmaxsum,maxsum_stability,0.08108108108108109,0.08108108108108109,537116571
1.0-1000-classical-2008-woodworking-10,woodworking,20,bmaxmin,bcoverage,0.1,0.1,537116571
1.0-1000-classical-2008-woodworking-10,woodworking,20,bmaxmin,bmaxsum,0.1,0.1,537116571
1.0-1000-classical-2008-woodworking-10,woodworking,20,bmaxmin,bmaxmin,1.0,1.0,537116571
1.0-1000-classical-2008-woodworking-10,woodworking,20,bmaxmin,bnovelty,1.0,1.0,537116571
1.0-1000-classical-2008-woodworking-10,woodworking,20,bmaxmin,maxsum_stability,0.1,0.1,537116571
1.0-1000-classical-2008-woodworking-10,woodworking,20,bnovelty,bcoverage,0.1,0.1,537116571
1.0-1000-classical-2008-woodworking-10,woodworking,20,bnovelty,bmaxsum,0.1,0.1,537116571
1.0-1000-classical-2008-woodworking-10,woodworking,20,bnovelty,bmaxmin,1.0,1.0,537116571
1.0-1000-classical-2008-woodworking-10,woodworking,20,bnovelty,bnovelty,1.0,1.0,537116571
1.0-1000-classical-2008-woodworking-10,woodworking,20,bnovelty,maxsum_stability,0.1,0.1,537116571
1.0-1000-classical-2008-woodworking-10,woodworking,20,maxsum_stability,bcoverage,1.0,1.0,537116571
1.0-1000-classical-2008-woodworking-10,woodworking,20,maxsum_stability,bmaxsum,0.08108108108108109,0.08108108108108109,537116571
1.0-1000-classical-2008-woodworking-10,woodworking,20,maxsum_stability,bmaxmin,0.1,0.1,537116571
1.0-1000-classical-2008-woodworking-10,woodworking,20,maxsum_stability,bnovelty,0.1,0.1,537116571
1.0-1000-classical-2008-woodworking-10,woodworking,20,maxsum_stability,maxsum_stability,1.0,1.0,537116571
1.0-1000-classical-2000-elevators-100,elevators,20,bcoverage,bcoverage,1.0,1.0,1369407389
1.0-1000-classical-2000-elevators-100,elevators,20,bcoverage,bmaxsum,0.1111111111111111,0.1111111111111111,1369407389
1.0-1000-classical-2000-elevators-100,elevators,20,bcoverage,bmaxmin,0.15,0.15,1369407389
1.0-1000-classical-2000-elevators-100,elevators,20,bcoverage,bnovelty,0.15,0.15,1369407389
1.0-1000-classical-2000-elevators-100,elevators,20,bcoverage,maxsum_stability,0.1111111111111111,0.1111111111111111,1369407389
1.0-1000-classical-2000-elevators-100,elevators,20,bmaxsum,bcoverage,0.1111111111111111,0.1111111111111111,1369407389
1.0-1000-classical-2000-elevators-100,elevators,20,bmaxsum,bmaxsum,1.0,1.0,1369407389
1.0-1000-classical-2000-elevators-100,elevators,20,bmaxsum,bmaxmin,0.15,0.15,1369407389
1.0-1000-classical-2000-elevators-100,elevators,20,bmaxsum,bnovelty,0.15,0.15,1369407389
1.0-1000-classical-2000-elevators-100,elevators,20,bmaxsum,maxsum_stability,0.21212121212121213,0.21212121212121213,1369407389
1.0-1000-classical-2000-elevators-100,elevators,20,bmaxmin,bcoverage,0.15,0.15,1369407389
1.0-1000-classical-2000-elevators-100,elevators,20,bmaxmin,bmaxsum,0.15,0.15,1369407389
1.0-1000-classical-2000-elevators-100,elevators,20,bmaxmin,bmaxmin,1.0,1.0,1369407389
1.0-1000-classical-2000-elevators-100,elevators,20,bmaxmin,bnovelty,1.0,1.0,1369407389
1.0-1000-classical-2000-elevators-100,elevators,20,bmaxmin,maxsum_stability,0.045454545454545456,0.045454545454545456,1369407389
1.0-1000-classical-2000-elevators-100,elevators,20,bnovelty,bcoverage,0.15,0.15,1369407389
1.0-1000-classical-2000-elevators-100,elevators,20,bnovelty,bmaxsum,0.15,0.15,1369407389
1.0-1000-classical-2000-elevators-100,elevators,20,bnovelty,bmaxmin,1.0,1.0,1369407389
1.0-1000-classical-2000-elevators-100,elevators,20,bnovelty,bnovelty,1.0,1.0,1369407389
1.0-1000-classical-2000-elevators-100,elevators,20,bnovelty,maxsum_stability,0.045454545454545456,0.045454545454545456,1369407389
1.0-1000-classical-2000-elevators-100,elevators,20,maxsum_stability,bcoverage,0.1111111111111111,0.1111111111111111,1369407389
1.0-1000-classical-2000-elevators-100,elevators,20,maxsum_stability,bmaxsum,0.21212121212121213,0.21212121212121213,1369407389
1.0-1000-classical-2000-elevators-100,elevators,20,maxsum_stability,bmaxmin,0.045454545454545456,0.045454545454545456,1369407389
1.0-1000-classical-2000-elevators-100,elevators,20,maxsum_stability,bnovelty,0.045454545454545456,0.045454545454545456,1369407389
1.0-1000-classical-2000-elevators-100,elevators,20,maxsum_stability,maxsum_stability,1.0,1.0,1369407389
1.0-1000-classical-None-ferry-18,ferry,20,bcoverage,bcoverage,1.0,1.0,1539505627
1.0-1000-classical-None-ferry-18,ferry,20,bcoverage,bmaxsum,0.21212121212121213,0.21212121212121213,1539505627
1.0-1000-classical-None-ferry-18,ferry,20,bcoverage,bmaxmin,0.14285714285714285,0.14285714285714285,1539505627
1.0-1000-classical-None-ferry-18,ferry,20,bcoverage,bnovelty,0.14285714285714285,0.14285714285714285,1539505627
1.0-1000-classical-None-ferry-18,ferry,20,bcoverage,maxsum_stability,0.21212121212121213,0.21212121212121213,1539505627
1.0-1000-classical-None-ferry-18,ferry,20,bmaxsum,bcoverage,0.21212121212121213,0.21212121212121213,1539505627
1.0-1000-classical-None-ferry-18,ferry,20,bmaxsum,bmaxsum,1.0,1.0,1539505627
1.0-1000-classical-None-ferry-18,ferry,20,bmaxsum,bmaxmin,0.2,0.2,1539505627
1.0-1000-classical-None-ferry-18,ferry,20,bmaxsum,bnovelty,0.2,0.2,1539505627
1.0-1000-classical-None-ferry-18,ferry,20,bmaxsum,maxsum_stability,0.1111111111111111,0.1111111111111111,1539505627
1.0-1000-classical-None-ferry-18,ferry,20,bmaxmin,bcoverage,0.14285714285714285,0.14285714285714285,1539505627
1.0-1000-classical-None-ferry-18,ferry,20,bmaxmin,bmaxsum,0.2,0.2,1539505627
1.0-1000-classical-None-ferry-18,ferry,20,bmaxmin,bmaxmin,1.0,1.0,1539505627
1.0-1000-classical-None-ferry-18,ferry,20,bmaxmin,bnovelty,1.0,1.0,1539505627
1.0-1000-classical-None-ferry-18,ferry,20,bmaxmin,maxsum_stability,0.043478260869565216,0.043478260869565216,1539505627
1.0-1000-classical-None-ferry-18,ferry,20,bnovelty,bcoverage,0.14285714285714285,0.14285714285714285,1539505627
1.0-1000-classical-None-ferry-18,ferry,20,bnovelty,bmaxsum,0.2,0.2,1539505627
1.0-1000-classical-None-ferry-18,ferry,20,bnovelty,bmaxmin,1.0,1.0,1539505627
1.0-1000-classical-None-ferry-18,ferry,20,bnovelty,bnovelty,1.0,1.0,1539505627
1.0-1000-classical-None-ferry-18,ferry,20,bnovelty,maxsum_stability,0.043478260869565216,0.043478260869565216,1539505627
1.0-1000-classical-None-ferry-18,ferry,20,maxsum_stability,bcoverage,0.21212121212121213,0.21212121212121213,1539505627
1.0-1000-classical-None-ferry-18,ferry,20,maxsum_stability,bmaxsum,0.1111111111111111,0.1111111111111111,1539505627
1.0-1000-classical-None-ferry-18,ferry,20,maxsum_stability,bmaxmin,0.043478260869565216,0.043478260869565216,1539505627
1.0-1000-classical-None-ferry-18,ferry,20,maxsum_stability,bnovelty,0.043478260869565216,0.043478260869565216,1539505627
1.0-1000-classical-None-ferry-18,ferry,20,maxsum_stability,maxsum_stability,1.0,1.0,1539505627
1.0-1000-classical-1998-gripper-13,gripper,20,bcoverage,bcoverage,1.0,1.0,901573576
1.0-1000-classical-1998-gripper-13,gripper,20,bcoverage,bmaxsum,0.6,0.6,901573576
1.0-1000-classical-1998-gripper-13,gripper,20,bcoverage,bmaxmin,0.0,0.0,901573576
1.0-1000-classical-1998-gripper-13,gripper,20,bcoverage,bnovelty,0.047619047619047616,0.047619047619047616,901573576
1.0-1000-classical-1998-gripper-13,gripper,20,bcoverage,maxsum_stability,1.0,1.0,901573576
1.0-1000-classical-1998-gripper-13,gripper,20,bmaxsum,bcoverage,0.6,0.6,901573576
1.0-1000-classical-1998-gripper-13,gripper,20,bmaxsum,bmaxsum,1.0,1.0,901573576
1.0-1000-classical-1998-gripper-13,gripper,20,bmaxsum,bmaxmin,0.1,0.1,901573576
1.0-1000-classical-1998-gripper-13,gripper,20,bmaxsum,bnovelty,0.1,0.1,901573576
1.0-1000-classical-1998-gripper-13,gripper,20,bmaxsum,maxsum_stability,0.6,0.6,901573576
1.0-1000-classical-1998-gripper-13,gripper,20,bmaxmin,bcoverage,0.0,0.0,901573576
1.0-1000-classical-1998-gripper-13,gripper,20,bmaxmin,bmaxsum,0.1,0.1,901573576
1.0-1000-classical-1998-gripper-13,gripper,20,bmaxmin,bmaxmin,1.0,1.0,901573576
1.0-1000-classical-1998-gripper-13,gripper,20,bmaxmin,bnovelty,0.3333333333333333,0.3333333333333333,901573576
1.0-1000-classical-1998-gripper-13,gripper,20,bmaxmin,maxsum_stability,0.0,0.0,901573576
1.0-1000-classical-1998-gripper-13,gripper,20,bnovelty,bcoverage,0.047619047619047616,0.047619047619047616,901573576
1.0-1000-classical-1998-gripper-13,gripper,20,bnovelty,bmaxsum,0.1,0.1,901573576
1.0-1000-classical-1998-gripper-13,gripper,20,bnovelty,bmaxmin,0.3333333333333333,0.3333333333333333,901573576
1.0-1000-classical-1998-gripper-13,gripper,20,bnovelty,bnovelty,1.0,1.0,901573576
1.0-1000-classical-1998-gripper-13,gripper,20,bnovelty,maxsum_stability,0.047619047619047616,0.047619047619047616,901573576
1.0-1000-classical-1998-gripper-13,gripper,20,maxsum_stability,bcoverage,1.0,1.0,901573576
1.0-1000-classical-1998-gripper-13,gripper,20,maxsum_stability,bmaxsum,0.6,0.6,901573576
1.0-1000-classical-1998-gripper-13,gripper,20,maxsum_stability,bmaxmin,0.0,0.0,901573576
1.0-1000-classical-1998-gripper-13,gripper,20,maxsum_stability,bnovelty,0.047619047619047616,0.047619047619047616,901573576
1.0-1000-classical-1998-gripper-13,gripper,20,maxsum_stability,maxsum_stability,1.0,1.0,901573576
1.0-1000-classical-None-miconic-108,miconic,20,bcoverage,bcoverage,1.0,1.0,1702903515
1.0-1000-classical-None-miconic-108,miconic,20,bcoverage,bmaxsum,0.21212121212121213,0.21212121212121213,1702903515
1.0-1000-classical-None-miconic-108,miconic,20,bcoverage,bmaxmin,0.1,0.1,1702903515
1.0-1000-classical-None-miconic-108,miconic,20,bcoverage,bnovelty,0.1,0.1,1702903515
1.0-1000-classical-None-miconic-108,miconic,20,bcoverage,maxsum_stability,0.17647058823529413,0.17647058823529413,1702903515
1.0-1000-classical-None-miconic-108,miconic,20,bmaxsum,bcoverage,0.21212121212121213,0.21212121212121213,1702903515
1.0-1000-classical-None-miconic-108,miconic,20,bmaxsum,bmaxsum,1.0,1.0,1702903515
1.0-1000-classical-None-miconic-108,miconic,20,bmaxsum,bmaxmin,0.1,0.1,1702903515
1.0-1000-classical-None-miconic-108,miconic,20,bmaxsum,bnovelty,0.1,0.1,1702903515
1.0-1000-classical-None-miconic-108,miconic,20,bmaxsum,maxsum_stability,0.21212121212121213,0.21212121212121213,1702903515
1.0-1000-classical-None-miconic-108,miconic,20,bmaxmin,bcoverage,0.1,0.1,1702903515
1.0-1000-classical-None-miconic-108,miconic,20,bmaxmin,bmaxsum,0.1,0.1,1702903515
1.0-1000-classical-None-miconic-108,miconic,20,bmaxmin,bmaxmin,1.0,1.0,1702903515
1.0-1000-classical-None-miconic-108,miconic,20,bmaxmin,bnovelty,1.0,1.0,1702903515
1.0-1000-classical-None-miconic-108,miconic,20,bmaxmin,maxsum_stability,0.047619047619047616,0.047619047619047616,1702903515
1.0-1000-classical-None-miconic-108,miconic,20,bnovelty,bcoverage,0.1,0.1,1702903515
1.0-1000-classical-None-miconic-108,miconic,20,bnovelty,bmaxsum,0.1,0.1,1702903515
1.0-1000-classical-None-miconic-108,miconic,20,bnovelty,bmaxmin,1.0,1.0,1702903515
1.0-1000-classical-None-miconic-108,miconic,20,bnovelty,bnovelty,1.0,1.0,1702903515
1.0-1000-classical-None-miconic-108,miconic,20,bnovelty,maxsum_stability,0.047619047619047616,0.047619047619047616,1702903515
1.0-1000-classical-None-miconic-108,miconic,20,maxsum_stability,bcoverage,0.17647058823529413,0.17647058823529413,1702903515
1.0-1000-classical-None-miconic-108,miconic,20,maxsum_stability,bmaxsum,0.21212121212121213,0.21212121212121213,1702903515
1.0-1000-classical-None-miconic-108,miconic,20,maxsum_stability,bmaxmin,0.047619047619047616,0.047619047619047616,1702903515
1.0-1000-classical-None-miconic-108,miconic,20,maxsum_stability,bnovelty,0.047619047619047616,0.047619047619047616,1702903515
1.0-1000-classical-None-miconic-108,miconic,20,maxsum_stability,maxsum_stability,1.0,1.0,1702903515
1.0-1000-classical-1998-movie-10,movie,20,bcoverage,bcoverage,1.0,1.0,1774233937
1.0-1000-classical-1998-movie-10,movie,20,bcoverage,bmaxsum,0.14285714285714285,0.14285714285714285,1774233937
1.0-1000-classical-1998-movie-10,movie,20,bcoverage,bmaxmin,0.15,0.15,1774233937
1.0-1000-classical-1998-movie-10,movie,20,bcoverage,bnovelty,0.15,0.15,1774233937
1.0-1000-classical-1998-movie-10,movie,20,bcoverage,maxsum_stability,0.08108108108108109,0.08108108108108109,1774233937
1.0-1000-classical-1998-movie-10,movie,20,bmaxsum,bcoverage,0.14285714285714285,0.14285714285714285,1774233937
1.0-1000-classical-1998-movie-10,movie,20,bmaxsum,bmaxsum,1.0,1.0,1774233937
1.0-1000-classical-1998-movie-10,movie,20,bmaxsum,bmaxmin,0.15,0.15,1774233937
1.0-1000-classical-1998-movie-10,movie,20,bmaxsum,bnovelty,0.15,0.15,1774233937
1.0-1000-classical-1998-movie-10,movie,20,bmaxsum,maxsum_stability,0.1111111111111111,0.1111111111111111,1774233937
1.0-1000-classical-1998-movie-10,movie,20,bmaxmin,bcoverage,0.15,0.15,1774233937
1.0-1000-classical-1998-movie-10,movie,20,bmaxmin,bmaxsum,0.15,0.15,1774233937
1.0-1000-classical-1998-movie-10,movie,20,bmaxmin,bmaxmin,1.0,1.0,1774233937
1.0-1000-classical-1998-movie-10,movie,20,bmaxmin,bnovelty,1.0,1.0,1774233937
1.0-1000-classical-1998-movie-10,movie,20,bmaxmin,maxsum_stability,0.045454545454545456,0.045454545454545456,1774233937
1.0-1000-classical-1998-movie-10,movie,20,bnovelty,bcoverage,0.15,0.15,1774233937
1.0-1000-classical-1998-movie-10,movie,20,bnovelty,bmaxsum,0.15,0.15,1774233937
1.0-1000-classical-1998-movie-10,movie,20,bnovelty,bmaxmin,1.0,1.0,1774233937
1.0-1000-classical-1998-movie-10,movie,20,bnovelty,bnovelty,1.0,1.0,1774233937
1.0-1000-classical-1998-movie-10,movie,20,bnovelty,maxsum_stability,0.045454545454545456,0.045454545454545456,1774233937
1.0-1000-classical-1998-movie-10,movie,20,maxsum_stability,bcoverage,0.08108108108108109,0.08108108108108109,1774233937
1.0-1000-classical-1998-movie-10,movie,20,maxsum_stability,bmaxsum,0.1111111111111111,0.1111111111111111,1774233937
1.0-1000-classical-1998-movie-10,movie,20,maxsum_stability,bmaxmin,0.045454545454545456,0.045454545454545456,1774233937
1.0-1000-classical-1998-movie-10,movie,20,maxsum_stability,bnovelty,0.045454545454545456,0.045454545454545456,1774233937
1.0-1000-classical-1998-movie-10,movie,20,maxsum_stability,maxsum_stability,1.0,1.0,1774233937
1.0-1000-classical-2006-openstacks-3,openstacks,20,bcoverage,bcoverage,1.0,1.0,989247046
1.0-1000-classical-2006-openstacks-3,openstacks,20,bcoverage,bmaxsum,0.6,0.6,989247046
1.0-1000-classical-2006-openstacks-3,openstacks,20,bcoverage,bmaxmin,0.19047619047619047,0.19047619047619047,989247046
1.0-1000-classical-2006-openstacks-3,openstacks,20,bcoverage,bnovelty,0.19047619047619047,0.19047619047619047,989247046
1.0-1000-classical-2006-openstacks-3,openstacks,20,bcoverage,maxsum_stability,0.3793103448275862,0.1111111111111111,989247046
1.0-1000-classical-2006-openstacks-3,openstacks,20,bmaxsum,bcoverage,0.6,0.6,989247046
1.0-1000-classical-2006-openstacks-3,openstacks,20,bmaxsum,bmaxsum,1.0,1.0,989247046
1.0-1000-classical-2006-openstacks-3,openstacks,20,bmaxsum,bmaxmin,0.25,0.25,989247046
1.0-1000-classical-2006-openstacks-3,openstacks,20,bmaxsum,bnovelty,0.25,0.25,989247046
1.0-1000-classical-2006-openstacks-3,openstacks,20,bmaxsum,maxsum_stability,0.3793103448275862,0.1111111111111111,989247046
1.0-1000-classical-2006-openstacks-3,openstacks,20,bmaxmin,bcoverage,0.19047619047619047,0.19047619047619047,989247046
1.0-1000-classical-2006-openstacks-3,openstacks,20,bmaxmin,bmaxsum,0.25,0.25,989247046
1.0-1000-classical-2006-openstacks-3,openstacks,20,bmaxmin,bmaxmin,1.0,1.0,989247046
1.0-1000-classical-2006-openstacks-3,openstacks,20,bmaxmin,bnovelty,1.0,1.0,989247046
1.0-1000-classical-2006-openstacks-3,openstacks,20,bmaxmin,maxsum_stability,0.08695652173913043,0.041666666666666664,989247046
1.0-1000-classical-2006-openstacks-3,openstacks,20,bnovelty,bcoverage,0.19047619047619047,0.19047619047619047,989247046
1.0-1000-classical-2006-openstacks-3,openstacks,20,bnovelty,bmaxsum,0.25,0.25,989247046
1.0-1000-classical-2006-openstacks-3,openstacks,20,bnovelty,bmaxmin,1.0,1.0,989247046
1.0-1000-classical-2006-openstacks-3,openstacks,20,bnovelty,bnovelty,1.0,1.0,989247046
1.0-1000-classical-2006-openstacks-3,openstacks,20,bnovelty,maxsum_stability,0.08695652173913043,0.041666666666666664,989247046
1.0-1000-classical-2006-openstacks-3,openstacks,20,maxsum_stability,bcoverage,0.3793103448275862,0.1111111111111111,989247046
1.0-1000-classical-2006-openstacks-3,openstacks,20,maxsum_stability,bmaxsum,0.3793103448275862,0.1111111111111111,989247046
1.0-1000-classical-2006-openstacks-3,openstacks,20,maxsum_stability,bmaxmin,0.08695652173913043,0.041666666666666664,989247046
1.0-1000-classical-2006-openstacks-3,openstacks,20,maxsum_stability,bnovelty,0.08695652173913043,0.041666666666666664,989247046
1.0-1000-classical-2006-openstacks-3,openstacks,20,maxsum_stability,maxsum_stability,1.0,1.0,989247046
1.0-1000-classical-2004-satellite-11,satellite,20,bcoverage,bcoverage,1.0,1.0,913755583
1.0-1000-classical-2004-satellite-11,satellite,20,bcoverage,bmaxsum,0.17647058823529413,0.17647058823529413,913755583
1.0-1000-classical-2004-satellite-11,satellite,20,bcoverage,bmaxmin,0.047619047619047616,0.047619047619047616,913755583
1.0-1000-classical-2004-satellite-11,satellite,20,bcoverage,bnovelty,0.047619047619047616,0.047619047619047616,913755583
1.0-1000-classical-2004-satellite-11,satellite,20,bcoverage,maxsum_stability,0.08108108108108109,0.08108108108108109,913755583
1.0-1000-classical-2004-satellite-11,satellite,20,bmaxsum,bcoverage,0.17647058823529413,0.17647058823529413,913755583
1.0-1000-classical-2004-satellite-11,satellite,20,bmaxsum,bmaxsum,1.0,1.0,913755583
1.0-1000-classical-2004-satellite-11,satellite,20,bmaxsum,bmaxmin,0.1,0.1,913755583
1.0-1000-classical-2004-satellite-11,satellite,20,bmaxsum,bnovelty,0.1,0.1,913755583
1.0-1000-classical-2004-satellite-11,satellite,20,bmaxsum,maxsum_stability,0.14285714285714285,0.14285714285714285,913755583
1.0-1000-classical-2004-satellite-11,satellite,20,bmaxmin,bcoverage,0.047619047619047616,0.047619047619047616,913755583
1.0-1000-classical-2004-satellite-11,satellite,20,bmaxmin,bmaxsum,0.1,0.1,913755583
1.0-1000-classical-2004-satellite-11,satellite,20,bmaxmin,bmaxmin,1.0,1.0,913755583
1.0-1000-classical-2004-satellite-11,satellite,20,bmaxmin,bnovelty,1.0,1.0,913755583
1.0-1000-classical-2004-satellite-11,satellite,20,bmaxmin,maxsum_stability,0.047619047619047616,0.047619047619047616,913755583
1.0-1000-classical-2004-satellite-11,satellite,20,bnovelty,bcoverage,0.047619047619047616,0.047619047619047616,913755583
1.0-1000-classical-2004-satellite-11,satellite,20,bnovelty,bmaxsum,0.1,0.1,913755583
1.0-1000-classical-2004-satellite-11,satellite,20,bnovelty,bmaxmin,1.0,1.0,913755583
1.0-1000-classical-2004-satellite-11,satellite,20,bnovelty,bnovelty,1.0,1.0,913755583
1.0-1000-classical-2004-satellite-11,satellite,20,bnovelty,maxsum_stability,0.047619047619047616,0.047619047619047616,913755583
1.0-1000-classical-2004-satellite-11,satellite,20,maxsum_stability,bcoverage,0.08108108108108109,0.08108108108108109,913755583
1.0-1000-classical-2004-satellite-11,satellite,20,maxsum_stability,bmaxsum,0.14285714285714285,0.14285714285714285,913755583
1.0-1000-classical-2004-satellite-11,satellite,20,maxsum_stability,bmaxmin,0.047619047619047616,0.047619047619047616,913755583
1.0-1000-classical-2004-satellite-11,satellite,20,maxsum_stability,bnovelty,0.047619047619047616,0.047619047619047616,913755583
1.0-1000-classical-2004-satellite-11,satellite,20,maxsum_stability,maxsum_stability,1.0,1.0,913755583
1.0-1000-classical-2008-scanalyzer-2,scanalyzer,20,bcoverage,bcoverage,1.0,1.0,943783267
1.0-1000-classical-2008-scanalyzer-2,scanalyzer,20,bcoverage,bmaxsum,0.48148148148148145,0.48148148148148145,943783267
1.0-1000-classical-2008-scanalyzer-2,scanalyzer,20,bcoverage,bmaxmin,0.25,0.25,943783267
1.0-1000-classical-2008-scanalyzer-2,scanalyzer,20,bcoverage,bnovelty,0.25,0.25,943783267
1.0-1000-classical-2008-scanalyzer-2,scanalyzer,20,bcoverage,maxsum_stability,0.14285714285714285,0.14285714285714285,943783267
1.0-1000-classical-2008-scanalyzer-2,scanalyzer,20,bmaxsum,bcoverage,0.48148148148148145,0.48148148148148145,943783267
1.0-1000-classical-2008-scanalyzer-2,scanalyzer,20,bmaxsum,bmaxsum,1.0,1.0,943783267
1.0-1000-classical-2008-scanalyzer-2,scanalyzer,20,bmaxsum,bmaxmin,0.25,0.25,943783267
1.0-1000-classical-2008-scanalyzer-2,scanalyzer,20,bmaxsum,bnovelty,0.25,0.25,943783267
1.0-1000-classical-2008-scanalyzer-2,scanalyzer,20,bmaxsum,maxsum_stability,0.08108108108108109,0.08108108108108109,943783267
1.0-1000-classical-2008-scanalyzer-2,scanalyzer,20,bmaxmin,bcoverage,0.25,0.25,943783267
1.0-1000-classical-2008-scanalyzer-2,scanalyzer,20,bmaxmin,bmaxsum,0.25,0.25,943783267
1.0-1000-classical-2008-scanalyzer-2,scanalyzer,20,bmaxmin,bmaxmin,1.0,1.0,943783267
1.0-1000-classical-2008-scanalyzer-2,scanalyzer,20,bmaxmin,bnovelty,1.0,1.0,943783267
1.0-1000-classical-2008-scanalyzer-2,scanalyzer,20,bmaxmin,maxsum_stability,0.041666666666666664,0.041666666666666664,943783267
1.0-1000-classical-2008-scanalyzer-2,scanalyzer,20,bnovelty,bcoverage,0.25,0.25,943783267
1.0-1000-classical-2008-scanalyzer-2,scanalyzer,20,bnovelty,bmaxsum,0.25,0.25,943783267
1.0-1000-classical-2008-scanalyzer-2,scanalyzer,20,bnovelty,bmaxmin,1.0,1.0,943783267
1.0-1000-classical-2008-scanalyzer-2,scanalyzer,20,bnovelty,bnovelty,1.0,1.0,943783267
1.0-1000-classical-2008-scanalyzer-2,scanalyzer,20,bnovelty,maxsum_stability,0.041666666666666664,0.041666666666666664,943783267
1.0-1000-classical-2008-scanalyzer-2,scanalyzer,20,maxsum_stability,bcoverage,0.14285714285714285,0.14285714285714285,943783267
1.0-1000-classical-2008-scanalyzer-2,scanalyzer,20,maxsum_stability,bmaxsum,0.08108108108108109,0.08108108108108109,943783267
1.0-1000-classical-2008-scanalyzer-2,scanalyzer,20,maxsum_stability,bmaxmin,0.041666666666666664,0.041666666666666664,943783267
1.0-1000-classical-2008-scanalyzer-2,scanalyzer,20,maxsum_stability,bnovelty,0.041666666666666664,0.041666666666666664,943783267
1.0-1000-classical-2008-scanalyzer-2,scanalyzer,20,maxsum_stability,maxsum_stability,1.0,1.0,943783267
1.0-1000-classical-2000-schedule-10,schedule,20,bcoverage,bcoverage,1.0,1.0,1237255937
1.0-1000-classical-2000-schedule-10,schedule,20,bcoverage,bmaxsum,0.14285714285714285,0.14285714285714285,1237255937
1.0-1000-classical-2000-schedule-10,schedule,20,bcoverage,bmaxmin,0.1,0.1,1237255937
1.0-1000-classical-2000-schedule-10,schedule,20,bcoverage,bnovelty,0.1,0.1,1237255937
1.0-1000-classical-2000-schedule-10,schedule,20,bcoverage,maxsum_stability,0.5384615384615384,0.5384615384615384,1237255937
1.0-1000-classical-2000-schedule-10,schedule,20,bmaxsum,bcoverage,0.14285714285714285,0.14285714285714285,1237255937
1.0-1000-classical-2000-schedule-10,schedule,20,bmaxsum,bmaxsum,1.0,1.0,1237255937
1.0-1000-classical-2000-schedule-10,schedule,20,bmaxsum,bmaxmin,0.1,0.1,1237255937
1.0-1000-classical-2000-schedule-10,schedule,20,bmaxsum,bnovelty,0.1,0.1,1237255937
1.0-1000-classical-2000-schedule-10,schedule,20,bmaxsum,maxsum_stability,0.2903225806451613,0.2903225806451613,1237255937
1.0-1000-classical-2000-schedule-10,schedule,20,bmaxmin,bcoverage,0.1,0.1,1237255937
1.0-1000-classical-2000-schedule-10,schedule,20,bmaxmin,bmaxsum,0.1,0.1,1237255937
1.0-1000-classical-2000-schedule-10,schedule,20,bmaxmin,bmaxmin,1.0,1.0,1237255937
1.0-1000-classical-2000-schedule-10,schedule,20,bmaxmin,bnovelty,1.0,1.0,1237255937
1.0-1000-classical-2000-schedule-10,schedule,20,bmaxmin,maxsum_stability,0.1,0.1,1237255937
1.0-1000-classical-2000-schedule-10,schedule,20,bnovelty,bcoverage,0.1,0.1,1237255937
1.0-1000-classical-2000-schedule-10,schedule,20,bnovelty,bmaxsum,0.1,0.1,1237255937
1.0-1000-classical-2000-schedule-10,schedule,20,bnovelty,bmaxmin,1.0,1.0,1237255937
1.0-1000-classical-2000-schedule-10,schedule,20,bnovelty,bnovelty,1.0,1.0,1237255937
1.0-1000-classical-2000-schedule-10,schedule,20,bnovelty,maxsum_stability,0.1,0.1,1237255937
1.0-1000-classical-2000-schedule-10,schedule,20,maxsum_stability,bcoverage,0.5384615384615384,0.5384615384615384,1237255937
1.0-1000-classical-2000-schedule-10,schedule,20,maxsum_stability,bmaxsum,0.2903225806451613,0.2903225806451613,1237255937
1.0-1000-classical-2000-schedule-10,schedule,20,maxsum_stability,bmaxmin,0.1,0.1,1237255937
1.0-1000-classical-2000-schedule-10,schedule,20,maxsum_stability,bnovelty,0.1,0.1,1237255937
1.0-1000-classical-2000-schedule-10,schedule,20,maxsum_stability,maxsum_stability,1.0,1.0,1237255937
1.0-1000-classical-2006-tpp-5,tpp,20,bcoverage,bcoverage,1.0,1.0,2035469972
1.0-1000-classical-2006-tpp-5,tpp,20,bcoverage,bmaxsum,0.3793103448275862,0.3793103448275862,2035469972
1.0-1000-classical-2006-tpp-5,tpp,20,bcoverage,bmaxmin,0.047619047619047616,0.047619047619047616,2035469972
1.0-1000-classical-2006-tpp-5,tpp,20,bcoverage,bnovelty,0.047619047619047616,0.047619047619047616,2035469972
1.0-1000-classical-2006-tpp-5,tpp,20,bcoverage,maxsum_stability,0.9047619047619048,0.9047619047619048,2035469972
1.0-1000-classical-2006-tpp-5,tpp,20,bmaxsum,bcoverage,0.3793103448275862,0.3793103448275862,2035469972
1.0-1000-classical-2006-tpp-5,tpp,20,bmaxsum,bmaxsum,1.0,1.0,2035469972
1.0-1000-classical-2006-tpp-5,tpp,20,bmaxsum,bmaxmin,0.1,0.1,2035469972
1.0-1000-classical-2006-tpp-5,tpp,20,bmaxsum,bnovelty,0.1,0.1,2035469972
1.0-1000-classical-2006-tpp-5,tpp,20,bmaxsum,maxsum_stability,0.3793103448275862,0.3793103448275862,2035469972
1.0-1000-classical-2006-tpp-5,tpp,20,bmaxmin,bcoverage,0.047619047619047616,0.047619047619047616,2035469972
1.0-1000-classical-2006-tpp-5,tpp,20,bmaxmin,bmaxsum,0.1,0.1,2035469972
1.0-1000-classical-2006-tpp-5,tpp,20,bmaxmin,bmaxmin,1.0,1.0,2035469972
1.0-1000-classical-2006-tpp-5,tpp,20,bmaxmin,bnovelty,1.0,1.0,2035469972
1.0-1000-classical-2006-tpp-5,tpp,20,bmaxmin,maxsum_stability,0.1,0.1,2035469972
1.0-1000-classical-2006-tpp-5,tpp,20,bnovelty,bcoverage,0.047619047619047616,0.047619047619047616,2035469972
1.0-1000-classical-2006-tpp-5,tpp,20,bnovelty,bmaxsum,0.1,0.1,2035469972
1.0-1000-classical-2006-tpp-5,tpp,20,bnovelty,bmaxmin,1.0,1.0,2035469972
1.0-1000-classical-2006-tpp-5,tpp,20,bnovelty,bnovelty,1.0,1.0,2035469972
1.0-1000-classical-2006-tpp-5,tpp,20,bnovelty,maxsum_stability,0.1,0.1,2035469972
1.0-1000-classical-2006-tpp-5,tpp,20,maxsum_stability,bcoverage,0.9047619047619048,0.9047619047619048,2035469972
1.0-1000-classical-2006-tpp-5,tpp,20,maxsum_stability,bmaxsum,0.3793103448275862,0.3793103448275862,2035469972
1.0-1000-classical-2006-tpp-5,tpp,20,maxsum_stability,bmaxmin,0.1,0.1,2035469972
1.0-1000-classical-2006-tpp-5,tpp,20,maxsum_stability,bnovelty,0.1,0.1,2035469972
1.0-1000-classical-2006-tpp-5,tpp,20,maxsum_stability,maxsum_stability,1.0,1.0,2035469972
1.0-1000-classical-None-tsp-14,tsp,20,bcoverage,bcoverage,1.0,1.0,975232708
1.0-1000-classical-None-tsp-14,tsp,20,bcoverage,bmaxsum,0.2903225806451613,0.2903225806451613,975232708
1.0-1000-classical-None-tsp-14,tsp,20,bcoverage,bmaxmin,0.047619047619047616,0.047619047619047616,975232708
1.0-1000-classical-None-tsp-14,tsp,20,bcoverage,bnovelty,0.047619047619047616,0.047619047619047616,975232708
1.0-1000-classical-None-tsp-14,tsp,20,bcoverage,maxsum_stability,0.05263157894736842,0.05263157894736842,975232708
1.0-1000-classical-None-tsp-14,tsp,20,bmaxsum,bcoverage,0.2903225806451613,0.2903225806451613,975232708
1.0-1000-classical-None-tsp-14,tsp,20,bmaxsum,bmaxsum,1.0,1.0,975232708
1.0-1000-classical-None-tsp-14,tsp,20,bmaxsum,bmaxmin,0.1,0.1,975232708
1.0-1000-classical-None-tsp-14,tsp,20,bmaxsum,bnovelty,0.1,0.1,975232708
1.0-1000-classical-None-tsp-14,tsp,20,bmaxsum,maxsum_stability,0.05263157894736842,0.05263157894736842,975232708
1.0-1000-classical-None-tsp-14,tsp,20,bmaxmin,bcoverage,0.047619047619047616,0.047619047619047616,975232708
1.0-1000-classical-None-tsp-14,tsp,20,bmaxmin,bmaxsum,0.1,0.1,975232708
1.0-1000-classical-None-tsp-14,tsp,20,bmaxmin,bmaxmin,1.0,1.0,975232708
1.0-1000-classical-None-tsp-14,tsp,20,bmaxmin,bnovelty,1.0,1.0,975232708
1.0-1000-classical-None-tsp-14,tsp,20,bmaxmin,maxsum_stability,0.047619047619047616,0.047619047619047616,975232708
1.0-1000-classical-None-tsp-14,tsp,20,bnovelty,bcoverage,0.047619047619047616,0.047619047619047616,975232708
1.0-1000-classical-None-tsp-14,tsp,20,bnovelty,bmaxsum,0.1,0.1,975232708
1.0-1000-classical-None-tsp-14,tsp,20,bnovelty,bmaxmin,1.0,1.0,975232708
1.0-1000-classical-None-tsp-14,tsp,20,bnovelty,bnovelty,1.0,1.0,975232708
1.0-1000-classical-None-tsp-14,tsp,20,bnovelty,maxsum_stability,0.047619047619047616,0.047619047619047616,975232708
1.0-1000-classical-None-tsp-14,tsp,20,maxsum_stability,bcoverage,0.05263157894736842,0.05263157894736842,975232708
1.0-1000-classical-None-tsp-14,tsp,20,maxsum_stability,bmaxsum,0.05263157894736842,0.05263157894736842,975232708
1.0-1000-classical-None-tsp-14,tsp,20,maxsum_stability,bmaxmin,0.047619047619047616,0.047619047619047616,975232708
1.0-1000-classical-None-tsp-14,tsp,20,maxsum_stability,bnovelty,0.047619047619047616,0.047619047619047616,975232708
1.0-1000-classical-None-tsp-14,tsp,20,maxsum_stability,maxsum_stability,1.0,1.0,975232708
1.0-1000-classical-2008-woodworking-13,woodworking,20,bcoverage,bcoverage,1.0,1.0,957017633
1.0-1000-classical-2008-woodworking-13,woodworking,20,bcoverage,bmaxsum,0.14285714285714285,0.14285714285714285,957017633
1.0-1000-classical-2008-woodworking-13,woodworking,20,bcoverage,bmaxmin,0.047619047619047616,0.047619047619047616,957017633
1.0-1000-classical-2008-woodworking-13,woodworking,20,bcoverage,bnovelty,0.047619047619047616,0.047619047619047616,957017633
1.0-1000-classical-2008-woodworking-13,woodworking,20,bcoverage,maxsum_stability,0.24,0.05263157894736842,957017633
1.0-1000-classical-2008-woodworking-13,woodworking,20,bmaxsum,bcoverage,0.14285714285714285,0.14285714285714285,957017633
1.0-1000-classical-2008-woodworking-13,woodworking,20,bmaxsum,bmaxsum,1.0,1.0,957017633
1.0-1000-classical-2008-woodworking-13,woodworking,20,bmaxsum,bmaxmin,0.047619047619047616,0.047619047619047616,957017633
1.0-1000-classical-2008-woodworking-13,woodworking,20,bmaxsum,bnovelty,0.1,0.1,957017633
1.0-1000-classical-2008-woodworking-13,woodworking,20,bmaxsum,maxsum_stability,0.34782608695652173,0.05263157894736842,957017633
1.0-1000-classical-2008-woodworking-13,woodworking,20,bmaxmin,bcoverage,0.047619047619047616,0.047619047619047616,957017633
1.0-1000-classical-2008-woodworking-13,woodworking,20,bmaxmin,bmaxsum,0.047619047619047616,0.047619047619047616,957017633
1.0-1000-classical-2008-woodworking-13,woodworking,20,bmaxmin,bmaxmin,1.0,1.0,957017633
1.0-1000-classical-2008-woodworking-13,woodworking,20,bmaxmin,bnovelty,0.0,0.0,957017633
1.0-1000-classical-2008-woodworking-13,woodworking,20,bmaxmin,maxsum_stability,0.08333333333333333,0.047619047619047616,957017633
1.0-1000-classical-2008-woodworking-13,woodworking,20,bnovelty,bcoverage,0.047619047619047616,0.047619047619047616,957017633
1.0-1000-classical-2008-woodworking-13,woodworking,20,bnovelty,bmaxsum,0.1,0.1,957017633
1.0-1000-classical-2008-woodworking-13,woodworking,20,bnovelty,bmaxmin,0.0,0.0,957017633
1.0-1000-classical-2008-woodworking-13,woodworking,20,bnovelty,bnovelty,1.0,1.0,957017633
1.0-1000-classical-2008-woodworking-13,woodworking,20,bnovelty,maxsum_stability,0.08333333333333333,0.047619047619047616,957017633
1.0-1000-classical-2008-woodworking-13,woodworking,20,maxsum_stability,bcoverage,0.24,0.05263157894736842,957017633
1.0-1000-classical-2008-woodworking-13,woodworking,20,maxsum_stability,bmaxsum,0.34782608695652173,0.05263157894736842,957017633
1.0-1000-classical-2008-woodworking-13,woodworking,20,maxsum_stability,bmaxmin,0.08333333333333333,0.047619047619047616,957017633
1.0-1000-classical-2008-woodworking-13,woodworking,20,maxsum_stability,bnovelty,0.08333333333333333,0.047619047619047616,957017633
1.0-1000-classical-2008-woodworking-13,woodworking,20,maxsum_stability,maxsum_stability,1.0,1.0,957017633
1.0-1000-classical-2000-elevators-106,elevators,20,bcoverage,bcoverage,1.0,1.0,956095144
1.0-1000-classical-2000-elevators-106,elevators,20,bcoverage,bmaxsum,0.1111111111111111,0.1111111111111111,956095144
1.0-1000-classical-2000-elevators-106,elevators,20,bcoverage,bmaxmin,0.1,0.1,956095144
1.0-1000-classical-2000-elevators-106,elevators,20,bcoverage,bnovelty,0.1,0.1,956095144
1.0-1000-classical-2000-elevators-106,elevators,20,bcoverage,maxsum_stability,0.21212121212121213,0.21212121212121213,956095144
1.0-1000-classical-2000-elevators-106,elevators,20,bmaxsum,bcoverage,0.1111111111111111,0.1111111111111111,956095144
1.0-1000-classical-2000-elevators-106,elevators,20,bmaxsum,bmaxsum,1.0,1.0,956095144
1.0-1000-classical-2000-elevators-106,elevators,20,bmaxsum,bmaxmin,0.1,0.1,956095144
1.0-1000-classical-2000-elevators-106,elevators,20,bmaxsum,bnovelty,0.1,0.1,956095144
1.0-1000-classical-2000-elevators-106,elevators,20,bmaxsum,maxsum_stability,0.25,0.25,956095144
1.0-1000-classical-2000-elevators-106,elevators,20,bmaxmin,bcoverage,0.1,0.1,956095144
1.0-1000-classical-2000-elevators-106,elevators,20,bmaxmin,bmaxsum,0.1,0.1,956095144
1.0-1000-classical-2000-elevators-106,elevators,20,bmaxmin,bmaxmin,1.0,1.0,956095144
1.0-1000-classical-2000-elevators-106,elevators,20,bmaxmin,bnovelty,1.0,1.0,956095144
1.0-1000-classical-2000-elevators-106,elevators,20,bmaxmin,maxsum_stability,0.047619047619047616,0.047619047619047616,956095144
1.0-1000-classical-2000-elevators-106,elevators,20,bnovelty,bcoverage,0.1,0.1,956095144
1.0-1000-classical-2000-elevators-106,elevators,20,bnovelty,bmaxsum,0.1,0.1,956095144
1.0-1000-classical-2000-elevators-106,elevators,20,bnovelty,bmaxmin,1.0,1.0,956095144
1.0-1000-classical-2000-elevators-106,elevators,20,bnovelty,bnovelty,1.0,1.0,956095144
1.0-1000-classical-2000-elevators-106,elevators,20,bnovelty,maxsum_stability,0.047619047619047616,0.047619047619047616,956095144
1.0-1000-classical-2000-elevators-106,elevators,20,maxsum_stability,bcoverage,0.21212121212121213,0.21212121212121213,956095144
1.0-1000-classical-2000-elevators-106,elevators,20,maxsum_stability,bmaxsum,0.25,0.25,956095144
1.0-1000-classical-2000-elevators-106,elevators,20,maxsum_stability,bmaxmin,0.047619047619047616,0.047619047619047616,956095144
1.0-1000-classical-2000-elevators-106,elevators,20,maxsum_stability,bnovelty,0.047619047619047616,0.047619047619047616,956095144
1.0-1000-classical-2000-elevators-106,elevators,20,maxsum_stability,maxsum_stability,1.0,1.0,956095144
1.0-1000-classical-None-ferry-23,ferry,20,bcoverage,bcoverage,1.0,1.0,1732081552
1.0-1000-classical-None-ferry-23,ferry,20,bcoverage,bmaxsum,0.42857142857142855,0.42857142857142855,1732081552
1.0-1000-classical-None-ferry-23,ferry,20,bcoverage,bmaxmin,0.2,0.2,1732081552
1.0-1000-classical-None-ferry-23,ferry,20,bcoverage,bnovelty,0.2,0.2,1732081552
1.0-1000-classical-None-ferry-23,ferry,20,bcoverage,maxsum_stability,0.17647058823529413,0.17647058823529413,1732081552
1.0-1000-classical-None-ferry-23,ferry,20,bmaxsum,bcoverage,0.42857142857142855,0.42857142857142855,1732081552
1.0-1000-classical-None-ferry-23,ferry,20,bmaxsum,bmaxsum,1.0,1.0,1732081552
1.0-1000-classical-None-ferry-23,ferry,20,bmaxsum,bmaxmin,0.2,0.2,1732081552
1.0-1000-classical-None-ferry-23,ferry,20,bmaxsum,bnovelty,0.2,0.2,1732081552
1.0-1000-classical-None-ferry-23,ferry,20,bmaxsum,maxsum_stability,0.17647058823529413,0.17647058823529413,1732081552
1.0-1000-classical-None-ferry-23,ferry,20,bmaxmin,bcoverage,0.2,0.2,1732081552
1.0-1000-classical-None-ferry-23,ferry,20,bmaxmin,bmaxsum,0.2,0.2,1732081552
1.0-1000-classical-None-ferry-23,ferry,20,bmaxmin,bmaxmin,1.0,1.0,1732081552
1.0-1000-classical-None-ferry-23,ferry,20,bmaxmin,bnovelty,1.0,1.0,1732081552
1.0-1000-classical-None-ferry-23,ferry,20,bmaxmin,maxsum_stability,0.09090909090909091,0.09090909090909091,1732081552
1.0-1000-classical-None-ferry-23,ferry,20,bnovelty,bcoverage,0.2,0.2,1732081552
1.0-1000-classical-None-ferry-23,ferry,20,bnovelty,bmaxsum,0.2,0.2,1732081552
1.0-1000-classical-None-ferry-23,ferry,20,bnovelty,bmaxmin,1.0,1.0,1732081552
1.0-1000-classical-None-ferry-23,ferry,20,bnovelty,bnovelty,1.0,1.0,1732081552
1.0-1000-classical-None-ferry-23,ferry,20,bnovelty,maxsum_stability,0.09090909090909091,0.09090909090909091,1732081552
1.0-1000-classical-None-ferry-23,ferry,20,maxsum_stability,bcoverage,0.17647058823529413,0.17647058823529413,1732081552
1.0-1000-classical-None-ferry-23,ferry,20,maxsum_stability,bmaxsum,0.17647058823529413,0.17647058823529413,1732081552
1.0-1000-classical-None-ferry-23,ferry,20,maxsum_stability,bmaxmin,0.09090909090909091,0.09090909090909091,1732081552
1.0-1000-classical-None-ferry-23,ferry,20,maxsum_stability,bnovelty,0.09090909090909091,0.09090909090909091,1732081552
1.0-1000-classical-None-ferry-23,ferry,20,maxsum_stability,maxsum_stability,1.0,1.0,1732081552
1.0-1000-classical-1998-gripper-14,gripper,20,bcoverage,bcoverage,1.0,1.0,735608427
1.0-1000-classical-1998-gripper-14,gripper,20,bcoverage,bmaxsum,0.5384615384615384,0.5384615384615384,735608427
1.0-1000-classical-1998-gripper-14,gripper,20,bcoverage,bmaxmin,0.0,0.0,735608427
1.0-1000-classical-1998-gripper-14,gripper,20,bcoverage,bnovelty,0.047619047619047616,0.047619047619047616,735608427
1.0-1000-classical-1998-gripper-14,gripper,20,bcoverage,maxsum_stability,0.9047619047619048,0.9047619047619048,735608427
1.0-1000-classical-1998-gripper-14,gripper,20,bmaxsum,bcoverage,0.5384615384615384,0.5384615384615384,735608427
1.0-1000-classical-1998-gripper-14,gripper,20,bmaxsum,bmaxsum,1.0,1.0,735608427
1.0-1000-classical-1998-gripper-14,gripper,20,bmaxsum,bmaxmin,0.1,0.1,735608427
1.0-1000-classical-1998-gripper-14,gripper,20,bmaxsum,bnovelty,0.1,0.1,735608427
1.0-1000-classical-1998-gripper-14,gripper,20,bmaxsum,maxsum_stability,0.5384615384615384,0.5384615384615384,735608427
1.0-1000-classical-1998-gripper-14,gripper,20,bmaxmin,bcoverage,0.0,0.0,735608427
1.0-1000-classical-1998-gripper-14,gripper,20,bmaxmin,bmaxsum,0.1,0.1,735608427
1.0-1000-classical-1998-gripper-14,gripper,20,bmaxmin,bmaxmin,1.0,1.0,735608427
1.0-1000-classical-1998-gripper-14,gripper,20,bmaxmin,bnovelty,0.3333333333333333,0.3333333333333333,735608427
1.0-1000-classical-1998-gripper-14,gripper,20,bmaxmin,maxsum_stability,0.0,0.0,735608427
1.0-1000-classical-1998-gripper-14,gripper,20,bnovelty,bcoverage,0.047619047619047616,0.047619047619047616,735608427
1.0-1000-classical-1998-gripper-14,gripper,20,bnovelty,bmaxsum,0.1,0.1,735608427
1.0-1000-classical-1998-gripper-14,gripper,20,bnovelty,bmaxmin,0.3333333333333333,0.3333333333333333,735608427
1.0-1000-classical-1998-gripper-14,gripper,20,bnovelty,bnovelty,1.0,1.0,735608427
1.0-1000-classical-1998-gripper-14,gripper,20,bnovelty,maxsum_stability,0.047619047619047616,0.047619047619047616,735608427
1.0-1000-classical-1998-gripper-14,gripper,20,maxsum_stability,bcoverage,0.9047619047619048,0.9047619047619048,735608427
1.0-1000-classical-1998-gripper-14,gripper,20,maxsum_stability,bmaxsum,0.5384615384615384,0.5384615384615384,735608427
1.0-1000-classical-1998-gripper-14,gripper,20,maxsum_stability,bmaxmin,0.0,0.0,735608427
1.0-1000-classical-1998-gripper-14,gripper,20,maxsum_stability,bnovelty,0.047619047619047616,0.047619047619047616,735608427
1.0-1000-classical-1998-gripper-14,gripper,20,maxsum_stability,maxsum_stability,1.0,1.0,735608427
1.0-1000-classical-None-miconic-11,miconic,20,bcoverage,bcoverage,1.0,1.0,770341807
1.0-1000-classical-None-miconic-11,miconic,20,bcoverage,bmaxsum,0.21212121212121213,0.21212121212121213,770341807
1.0-1000-classical-None-miconic-11,miconic,20,bcoverage,bmaxmin,0.1,0.1,770341807
1.0-1000-classical-None-miconic-11,miconic,20,bcoverage,bnovelty,0.1,0.1,770341807
1.0-1000-classical-None-miconic-11,miconic,20,bcoverage,maxsum_stability,0.17647058823529413,0.17647058823529413,770341807
1.0-1000-classical-None-miconic-11,miconic,20,bmaxsum,bcoverage,0.21212121212121213,0.21212121212121213,770341807
1.0-1000-classical-None-miconic-11,miconic,20,bmaxsum,bmaxsum,1.0,1.0,770341807
1.0-1000-classical-None-miconic-11,miconic,20,bmaxsum,bmaxmin,0.1,0.1,770341807
1.0-1000-classical-None-miconic-11,miconic,20,bmaxsum,bnovelty,0.1,0.1,770341807
1.0-1000-classical-None-miconic-11,miconic,20,bmaxsum,maxsum_stability,0.42857142857142855,0.42857142857142855,770341807
1.0-1000-classical-None-miconic-11,miconic,20,bmaxmin,bcoverage,0.1,0.1,770341807
1.0-1000-classical-None-miconic-11,miconic,20,bmaxmin,bmaxsum,0.1,0.1,770341807
1.0-1000-classical-None-miconic-11,miconic,20,bmaxmin,bmaxmin,1.0,1.0,770341807
1.0-1000-classical-None-miconic-11,miconic,20,bmaxmin,bnovelty,1.0,1.0,770341807
1.0-1000-classical-None-miconic-11,miconic,20,bmaxmin,maxsum_stability,0.047619047619047616,0.047619047619047616,770341807
1.0-1000-classical-None-miconic-11,miconic,20,bnovelty,bcoverage,0.1,0.1,770341807
1.0-1000-classical-None-miconic-11,miconic,20,bnovelty,bmaxsum,0.1,0.1,770341807
1.0-1000-classical-None-miconic-11,miconic,20,bnovelty,bmaxmin,1.0,1.0,770341807
1.0-1000-classical-None-miconic-11,miconic,20,bnovelty,bnovelty,1.0,1.0,770341807
1.0-1000-classical-None-miconic-11,miconic,20,bnovelty,maxsum_stability,0.047619047619047616,0.047619047619047616,770341807
1.0-1000-classical-None-miconic-11,miconic,20,maxsum_stability,bcoverage,0.17647058823529413,0.17647058823529413,770341807
1.0-1000-classical-None-miconic-11,miconic,20,maxsum_stability,bmaxsum,0.42857142857142855,0.42857142857142855,770341807
1.0-1000-classical-None-miconic-11,miconic,20,maxsum_stability,bmaxmin,0.047619047619047616,0.047619047619047616,770341807
1.0-1000-classical-None-miconic-11,miconic,20,maxsum_stability,bnovelty,0.047619047619047616,0.047619047619047616,770341807
1.0-1000-classical-None-miconic-11,miconic,20,maxsum_stability,maxsum_stability,1.0,1.0,770341807
1.0-1000-classical-1998-movie-11,movie,20,bcoverage,bcoverage,1.0,1.0,516397511
1.0-1000-classical-1998-movie-11,movie,20,bcoverage,bmaxsum,0.08108108108108109,0.08108108108108109,516397511
1.0-1000-classical-1998-movie-11,movie,20,bcoverage,bmaxmin,0.09090909090909091,0.09090909090909091,516397511
1.0-1000-classical-1998-movie-11,movie,20,bcoverage,bnovelty,0.09090909090909091,0.09090909090909091,516397511
1.0-1000-classical-1998-movie-11,movie,20,bcoverage,maxsum_stability,0.14285714285714285,0.05263157894736842,516397511
1.0-1000-classical-1998-movie-11,movie,20,bmaxsum,bcoverage,0.08108108108108109,0.08108108108108109,516397511
1.0-1000-classical-1998-movie-11,movie,20,bmaxsum,bmaxsum,1.0,1.0,516397511
1.0-1000-classical-1998-movie-11,movie,20,bmaxsum,bmaxmin,0.2,0.2,516397511
1.0-1000-classical-1998-movie-11,movie,20,bmaxsum,bnovelty,0.2,0.2,516397511
1.0-1000-classical-1998-movie-11,movie,20,bmaxsum,maxsum_stability,0.17647058823529413,0.14285714285714285,516397511
1.0-1000-classical-1998-movie-11,movie,20,bmaxmin,bcoverage,0.09090909090909091,0.09090909090909091,516397511
1.0-1000-classical-1998-movie-11,movie,20,bmaxmin,bmaxsum,0.2,0.2,516397511
1.0-1000-classical-1998-movie-11,movie,20,bmaxmin,bmaxmin,1.0,1.0,516397511
1.0-1000-classical-1998-movie-11,movie,20,bmaxmin,bnovelty,1.0,1.0,516397511
1.0-1000-classical-1998-movie-11,movie,20,bmaxmin,maxsum_stability,0.043478260869565216,0.043478260869565216,516397511
1.0-1000-classical-1998-movie-11,movie,20,bnovelty,bcoverage,0.09090909090909091,0.09090909090909091,516397511
1.0-1000-classical-1998-movie-11,movie,20,bnovelty,bmaxsum,0.2,0.2,516397511
1.0-1000-classical-1998-movie-11,movie,20,bnovelty,bmaxmin,1.0,1.0,516397511
1.0-1000-classical-1998-movie-11,movie,20,bnovelty,bnovelty,1.0,1.0,516397511
1.0-1000-classical-1998-movie-11,movie,20,bnovelty,maxsum_stability,0.043478260869565216,0.043478260869565216,516397511
1.0-1000-classical-1998-movie-11,movie,20,maxsum_stability,bcoverage,0.14285714285714285,0.05263157894736842,516397511
1.0-1000-classical-1998-movie-11,movie,20,maxsum_stability,bmaxsum,0.17647058823529413,0.14285714285714285,516397511
1.0-1000-classical-1998-movie-11,movie,20,maxsum_stability,bmaxmin,0.043478260869565216,0.043478260869565216,516397511
1.0-1000-classical-1998-movie-11,movie,20,maxsum_stability,bnovelty,0.043478260869565216,0.043478260869565216,516397511
1.0-1000-classical-1998-movie-11,movie,20,maxsum_stability,maxsum_stability,1.0,1.0,516397511
1.0-1000-classical-2006-openstacks-4,openstacks,20,bcoverage,bcoverage,1.0,1.0,613557221
1.0-1000-classical-2006-openstacks-4,openstacks,20,bcoverage,bmaxsum,0.6666666666666666,0.6666666666666666,613557221
1.0-1000-classical-2006-openstacks-4,openstacks,20,bcoverage,bmaxmin,0.2,0.2,613557221
1.0-1000-classical-2006-openstacks-4,openstacks,20,bcoverage,bnovelty,0.2,0.2,613557221
1.0-1000-classical-2006-openstacks-4,openstacks,20,bcoverage,maxsum_stability,0.2903225806451613,0.14285714285714285,613557221
1.0-1000-classical-2006-openstacks-4,openstacks,20,bmaxsum,bcoverage,0.6666666666666666,0.6666666666666666,613557221
1.0-1000-classical-2006-openstacks-4,openstacks,20,bmaxsum,bmaxsum,1.0,1.0,613557221
1.0-1000-classical-2006-openstacks-4,openstacks,20,bmaxsum,bmaxmin,0.2,0.2,613557221
1.0-1000-classical-2006-openstacks-4,openstacks,20,bmaxsum,bnovelty,0.2,0.2,613557221
1.0-1000-classical-2006-openstacks-4,openstacks,20,bmaxsum,maxsum_stability,0.3793103448275862,0.21212121212121213,613557221
1.0-1000-classical-2006-openstacks-4,openstacks,20,bmaxmin,bcoverage,0.2,0.2,613557221
1.0-1000-classical-2006-openstacks-4,openstacks,20,bmaxmin,bmaxsum,0.2,0.2,613557221
1.0-1000-classical-2006-openstacks-4,openstacks,20,bmaxmin,bmaxmin,1.0,1.0,613557221
1.0-1000-classical-2006-openstacks-4,openstacks,20,bmaxmin,bnovelty,1.0,1.0,613557221
1.0-1000-classical-2006-openstacks-4,openstacks,20,bmaxmin,maxsum_stability,0.14285714285714285,0.14285714285714285,613557221
1.0-1000-classical-2006-openstacks-4,openstacks,20,bnovelty,bcoverage,0.2,0.2,613557221
1.0-1000-classical-2006-openstacks-4,openstacks,20,bnovelty,bmaxsum,0.2,0.2,613557221
1.0-1000-classical-2006-openstacks-4,openstacks,20,bnovelty,bmaxmin,1.0,1.0,613557221
1.0-1000-classical-2006-openstacks-4,openstacks,20,bnovelty,bnovelty,1.0,1.0,613557221
1.0-1000-classical-2006-openstacks-4,openstacks,20,bnovelty,maxsum_stability,0.14285714285714285,0.14285714285714285,613557221
1.0-1000-classical-2006-openstacks-4,openstacks,20,maxsum_stability,bcoverage,0.2903225806451613,0.14285714285714285,613557221
1.0-1000-classical-2006-openstacks-4,openstacks,20,maxsum_stability,bmaxsum,0.3793103448275862,0.21212121212121213,613557221
1.0-1000-classical-2006-openstacks-4,openstacks,20,maxsum_stability,bmaxmin,0.14285714285714285,0.14285714285714285,613557221
1.0-1000-classical-2006-openstacks-4,openstacks,20,maxsum_stability,bnovelty,0.14285714285714285,0.14285714285714285,613557221
1.0-1000-classical-2006-openstacks-4,openstacks,20,maxsum_stability,maxsum_stability,1.0,1.0,613557221
1.0-1000-classical-2004-satellite-14,satellite,20,bcoverage,bcoverage,1.0,1.0,1176254768
1.0-1000-classical-2004-satellite-14,satellite,20,bcoverage,bmaxsum,0.17647058823529413,0.17647058823529413,1176254768
1.0-1000-classical-2004-satellite-14,satellite,20,bcoverage,bmaxmin,0.047619047619047616,0.047619047619047616,1176254768
1.0-1000-classical-2004-satellite-14,satellite,20,bcoverage,bnovelty,0.047619047619047616,0.047619047619047616,1176254768
1.0-1000-classical-2004-satellite-14,satellite,20,bcoverage,maxsum_stability,0.05263157894736842,0.05263157894736842,1176254768
1.0-1000-classical-2004-satellite-14,satellite,20,bmaxsum,bcoverage,0.17647058823529413,0.17647058823529413,1176254768
1.0-1000-classical-2004-satellite-14,satellite,20,bmaxsum,bmaxsum,1.0,1.0,1176254768
1.0-1000-classical-2004-satellite-14,satellite,20,bmaxsum,bmaxmin,0.1,0.1,1176254768
1.0-1000-classical-2004-satellite-14,satellite,20,bmaxsum,bnovelty,0.1,0.1,1176254768
1.0-1000-classical-2004-satellite-14,satellite,20,bmaxsum,maxsum_stability,0.08108108108108109,0.08108108108108109,1176254768
1.0-1000-classical-2004-satellite-14,satellite,20,bmaxmin,bcoverage,0.047619047619047616,0.047619047619047616,1176254768
1.0-1000-classical-2004-satellite-14,satellite,20,bmaxmin,bmaxsum,0.1,0.1,1176254768
1.0-1000-classical-2004-satellite-14,satellite,20,bmaxmin,bmaxmin,1.0,1.0,1176254768
1.0-1000-classical-2004-satellite-14,satellite,20,bmaxmin,bnovelty,0.0,0.0,1176254768
1.0-1000-classical-2004-satellite-14,satellite,20,bmaxmin,maxsum_stability,0.0,0.0,1176254768
1.0-1000-classical-2004-satellite-14,satellite,20,bnovelty,bcoverage,0.047619047619047616,0.047619047619047616,1176254768
1.0-1000-classical-2004-satellite-14,satellite,20,bnovelty,bmaxsum,0.1,0.1,1176254768
1.0-1000-classical-2004-satellite-14,satellite,20,bnovelty,bmaxmin,0.0,0.0,1176254768
1.0-1000-classical-2004-satellite-14,satellite,20,bnovelty,bnovelty,1.0,1.0,1176254768
1.0-1000-classical-2004-satellite-14,satellite,20,bnovelty,maxsum_stability,0.1,0.1,1176254768
1.0-1000-classical-2004-satellite-14,satellite,20,maxsum_stability,bcoverage,0.05263157894736842,0.05263157894736842,1176254768
1.0-1000-classical-2004-satellite-14,satellite,20,maxsum_stability,bmaxsum,0.08108108108108109,0.08108108108108109,1176254768
1.0-1000-classical-2004-satellite-14,satellite,20,maxsum_stability,bmaxmin,0.0,0.0,1176254768
1.0-1000-classical-2004-satellite-14,satellite,20,maxsum_stability,bnovelty,0.1,0.1,1176254768
1.0-1000-classical-2004-satellite-14,satellite,20,maxsum_stability,maxsum_stability,1.0,1.0,1176254768
1.0-1000-classical-2008-scanalyzer-3,scanalyzer,20,bcoverage,bcoverage,1.0,1.0,1330105845
1.0-1000-classical-2008-scanalyzer-3,scanalyzer,20,bcoverage,bmaxsum,1.0,1.0,1330105845
1.0-1000-classical-2008-scanalyzer-3,scanalyzer,20,bcoverage,bmaxmin,0.15,0.15,1330105845
1.0-1000-classical-2008-scanalyzer-3,scanalyzer,20,bcoverage,bnovelty,0.15,0.15,1330105845
1.0-1000-classical-2008-scanalyzer-3,scanalyzer,20,bcoverage,maxsum_stability,0.9,0.8181818181818182,1330105845
1.0-1000-classical-2008-scanalyzer-3,scanalyzer,20,bmaxsum,bcoverage,1.0,1.0,1330105845
1.0-1000-classical-2008-scanalyzer-3,scanalyzer,20,bmaxsum,bmaxsum,1.0,1.0,1330105845
1.0-1000-classical-2008-scanalyzer-3,scanalyzer,20,bmaxsum,bmaxmin,0.15,0.15,1330105845
1.0-1000-classical-2008-scanalyzer-3,scanalyzer,20,bmaxsum,bnovelty,0.15,0.15,1330105845
1.0-1000-classical-2008-scanalyzer-3,scanalyzer,20,bmaxsum,maxsum_stability,0.9,0.8181818181818182,1330105845
1.0-1000-classical-2008-scanalyzer-3,scanalyzer,20,bmaxmin,bcoverage,0.15,0.15,1330105845
1.0-1000-classical-2008-scanalyzer-3,scanalyzer,20,bmaxmin,bmaxsum,0.15,0.15,1330105845
1.0-1000-classical-2008-scanalyzer-3,scanalyzer,20,bmaxmin,bmaxmin,1.0,1.0,1330105845
1.0-1000-classical-2008-scanalyzer-3,scanalyzer,20,bmaxmin,bnovelty,1.0,1.0,1330105845
1.0-1000-classical-2008-scanalyzer-3,scanalyzer,20,bmaxmin,maxsum_stability,0.16666666666666666,0.15,1330105845
1.0-1000-classical-2008-scanalyzer-3,scanalyzer,20,bnovelty,bcoverage,0.15,0.15,1330105845
1.0-1000-classical-2008-scanalyzer-3,scanalyzer,20,bnovelty,bmaxsum,0.15,0.15,1330105845
1.0-1000-classical-2008-scanalyzer-3,scanalyzer,20,bnovelty,bmaxmin,1.0,1.0,1330105845
1.0-1000-classical-2008-scanalyzer-3,scanalyzer,20,bnovelty,bnovelty,1.0,1.0,1330105845
1.0-1000-classical-2008-scanalyzer-3,scanalyzer,20,bnovelty,maxsum_stability,0.16666666666666666,0.15,1330105845
1.0-1000-classical-2008-scanalyzer-3,scanalyzer,20,maxsum_stability,bcoverage,0.9,0.8181818181818182,1330105845
1.0-1000-classical-2008-scanalyzer-3,scanalyzer,20,maxsum_stability,bmaxsum,0.9,0.8181818181818182,1330105845
1.0-1000-classical-2008-scanalyzer-3,scanalyzer,20,maxsum_stability,bmaxmin,0.16666666666666666,0.15,1330105845
1.0-1000-classical-2008-scanalyzer-3,scanalyzer,20,maxsum_stability,bnovelty,0.16666666666666666,0.15,1330105845
1.0-1000-classical-2008-scanalyzer-3,scanalyzer,20,maxsum_stability,maxsum_stability,1.0,1.0,1330105845
1.0-1000-classical-2000-schedule-11,schedule,20,bcoverage,bcoverage,1.0,1.0,1052260247
1.0-1000-classical-2000-schedule-11,schedule,20,bcoverage,bmaxsum,0.21212121212121213,0.21212121212121213,1052260247
1.0-1000-classical-2000-schedule-11,schedule,20,bcoverage,bmaxmin,0.1,0.1,1052260247
1.0-1000-classical-2000-schedule-11,schedule,20,bcoverage,bnovelty,0.1,0.1,1052260247
1.0-1000-classical-2000-schedule-11,schedule,20,bcoverage,maxsum_stability,0.6956521739130435,0.6666666666666666,1052260247
1.0-1000-classical-2000-schedule-11,schedule,20,bmaxsum,bcoverage,0.21212121212121213,0.21212121212121213,1052260247
1.0-1000-classical-2000-schedule-11,schedule,20,bmaxsum,bmaxsum,1.0,1.0,1052260247
1.0-1000-classical-2000-schedule-11,schedule,20,bmaxsum,bmaxmin,0.1,0.1,1052260247
1.0-1000-classical-2000-schedule-11,schedule,20,bmaxsum,bnovelty,0.1,0.1,1052260247
1.0-1000-classical-2000-schedule-11,schedule,20,bmaxsum,maxsum_stability,0.18181818181818182,0.17647058823529413,1052260247
1.0-1000-classical-2000-schedule-11,schedule,20,bmaxmin,bcoverage,0.1,0.1,1052260247
1.0-1000-classical-2000-schedule-11,schedule,20,bmaxmin,bmaxsum,0.1,0.1,1052260247
1.0-1000-classical-2000-schedule-11,schedule,20,bmaxmin,bmaxmin,1.0,1.0,1052260247
1.0-1000-classical-2000-schedule-11,schedule,20,bmaxmin,bnovelty,0.0,0.0,1052260247
1.0-1000-classical-2000-schedule-11,schedule,20,bmaxmin,maxsum_stability,0.10526315789473684,0.1,1052260247
1.0-1000-classical-2000-schedule-11,schedule,20,bnovelty,bcoverage,0.1,0.1,1052260247
1.0-1000-classical-2000-schedule-11,schedule,20,bnovelty,bmaxsum,0.1,0.1,1052260247
1.0-1000-classical-2000-schedule-11,schedule,20,bnovelty,bmaxmin,0.0,0.0,1052260247
1.0-1000-classical-2000-schedule-11,schedule,20,bnovelty,bnovelty,1.0,1.0,1052260247
1.0-1000-classical-2000-schedule-11,schedule,20,bnovelty,maxsum_stability,0.05,0.047619047619047616,1052260247
1.0-1000-classical-2000-schedule-11,schedule,20,maxsum_stability,bcoverage,0.6956521739130435,0.6666666666666666,1052260247
1.0-1000-classical-2000-schedule-11,schedule,20,maxsum_stability,bmaxsum,0.18181818181818182,0.17647058823529413,1052260247
1.0-1000-classical-2000-schedule-11,schedule,20,maxsum_stability,bmaxmin,0.10526315789473684,0.1,1052260247
1.0-1000-classical-2000-schedule-11,schedule,20,maxsum_stability,bnovelty,0.05,0.047619047619047616,1052260247
1.0-1000-classical-2000-schedule-11,schedule,20,maxsum_stability,maxsum_stability,1.0,1.0,1052260247
1.0-1000-classical-2006-tpp-6,tpp,20,bcoverage,bcoverage,1.0,1.0,1616617262
1.0-1000-classical-2006-tpp-6,tpp,20,bcoverage,bmaxsum,0.3793103448275862,0.3793103448275862,1616617262
1.0-1000-classical-2006-tpp-6,tpp,20,bcoverage,bmaxmin,0.047619047619047616,0.047619047619047616,1616617262
1.0-1000-classical-2006-tpp-6,tpp,20,bcoverage,bnovelty,0.047619047619047616,0.047619047619047616,1616617262
1.0-1000-classical-2006-tpp-6,tpp,20,bcoverage,maxsum_stability,0.6521739130434783,0.6,1616617262
1.0-1000-classical-2006-tpp-6,tpp,20,bmaxsum,bcoverage,0.3793103448275862,0.3793103448275862,1616617262
1.0-1000-classical-2006-tpp-6,tpp,20,bmaxsum,bmaxsum,1.0,1.0,1616617262
1.0-1000-classical-2006-tpp-6,tpp,20,bmaxsum,bmaxmin,0.1,0.1,1616617262
1.0-1000-classical-2006-tpp-6,tpp,20,bmaxsum,bnovelty,0.1,0.1,1616617262
1.0-1000-classical-2006-tpp-6,tpp,20,bmaxsum,maxsum_stability,0.46153846153846156,0.42857142857142855,1616617262
1.0-1000-classical-2006-tpp-6,tpp,20,bmaxmin,bcoverage,0.047619047619047616,0.047619047619047616,1616617262
1.0-1000-classical-2006-tpp-6,tpp,20,bmaxmin,bmaxsum,0.1,0.1,1616617262
1.0-1000-classical-2006-tpp-6,tpp,20,bmaxmin,bmaxmin,1.0,1.0,1616617262
1.0-1000-classical-2006-tpp-6,tpp,20,bmaxmin,bnovelty,1.0,1.0,1616617262
1.0-1000-classical-2006-tpp-6,tpp,20,bmaxmin,maxsum_stability,0.1111111111111111,0.1,1616617262
1.0-1000-classical-2006-tpp-6,tpp,20,bnovelty,bcoverage,0.047619047619047616,0.047619047619047616,1616617262
1.0-1000-classical-2006-tpp-6,tpp,20,bnovelty,bmaxsum,0.1,0.1,1616617262
1.0-1000-classical-2006-tpp-6,tpp,20,bnovelty,bmaxmin,1.0,1.0,1616617262
1.0-1000-classical-2006-tpp-6,tpp,20,bnovelty,bnovelty,1.0,1.0,1616617262
1.0-1000-classical-2006-tpp-6,tpp,20,bnovelty,maxsum_stability,0.1111111111111111,0.1,1616617262
1.0-1000-classical-2006-tpp-6,tpp,20,maxsum_stability,bcoverage,0.6521739130434783,0.6,1616617262
1.0-1000-classical-2006-tpp-6,tpp,20,maxsum_stability,bmaxsum,0.46153846153846156,0.42857142857142855,1616617262
1.0-1000-classical-2006-tpp-6,tpp,20,maxsum_stability,bmaxmin,0.1111111111111111,0.1,1616617262
1.0-1000-classical-2006-tpp-6,tpp,20,maxsum_stability,bnovelty,0.1111111111111111,0.1,1616617262
1.0-1000-classical-2006-tpp-6,tpp,20,maxsum_stability,maxsum_stability,1.0,1.0,1616617262
1.0-1000-classical-None-tsp-16,tsp,20,bcoverage,bcoverage,1.0,1.0,1412349928
1.0-1000-classical-None-tsp-16,tsp,20,bcoverage,bmaxsum,0.14285714285714285,0.14285714285714285,1412349928
1.0-1000-classical-None-tsp-16,tsp,20,bcoverage,bmaxmin,0.047619047619047616,0.047619047619047616,1412349928
1.0-1000-classical-None-tsp-16,tsp,20,bcoverage,bnovelty,0.047619047619047616,0.047619047619047616,1412349928
1.0-1000-classical-None-tsp-16,tsp,20,bcoverage,maxsum_stability,0.05263157894736842,0.05263157894736842,1412349928
1.0-1000-classical-None-tsp-16,tsp,20,bmaxsum,bcoverage,0.14285714285714285,0.14285714285714285,1412349928
1.0-1000-classical-None-tsp-16,tsp,20,bmaxsum,bmaxsum,1.0,1.0,1412349928
1.0-1000-classical-None-tsp-16,tsp,20,bmaxsum,bmaxmin,0.1,0.1,1412349928
1.0-1000-classical-None-tsp-16,tsp,20,bmaxsum,bnovelty,0.1,0.1,1412349928
1.0-1000-classical-None-tsp-16,tsp,20,bmaxsum,maxsum_stability,0.05263157894736842,0.05263157894736842,1412349928
1.0-1000-classical-None-tsp-16,tsp,20,bmaxmin,bcoverage,0.047619047619047616,0.047619047619047616,1412349928
1.0-1000-classical-None-tsp-16,tsp,20,bmaxmin,bmaxsum,0.1,0.1,1412349928
1.0-1000-classical-None-tsp-16,tsp,20,bmaxmin,bmaxmin,1.0,1.0,1412349928
1.0-1000-classical-None-tsp-16,tsp,20,bmaxmin,bnovelty,1.0,1.0,1412349928
1.0-1000-classical-None-tsp-16,tsp,20,bmaxmin,maxsum_stability,0.047619047619047616,0.047619047619047616,1412349928
1.0-1000-classical-None-tsp-16,tsp,20,bnovelty,bcoverage,0.047619047619047616,0.047619047619047616,1412349928
1.0-1000-classical-None-tsp-16,tsp,20,bnovelty,bmaxsum,0.1,0.1,1412349928
1.0-1000-classical-None-tsp-16,tsp,20,bnovelty,bmaxmin,1.0,1.0,1412349928
1.0-1000-classical-None-tsp-16,tsp,20,bnovelty,bnovelty,1.0,1.0,1412349928
1.0-1000-classical-None-tsp-16,tsp,20,bnovelty,maxsum_stability,0.047619047619047616,0.047619047619047616,1412349928
1.0-1000-classical-None-tsp-16,tsp,20,maxsum_stability,bcoverage,0.05263157894736842,0.05263157894736842,1412349928
1.0-1000-classical-None-tsp-16,tsp,20,maxsum_stability,bmaxsum,0.05263157894736842,0.05263157894736842,1412349928
1.0-1000-classical-None-tsp-16,tsp,20,maxsum_stability,bmaxmin,0.047619047619047616,0.047619047619047616,1412349928
1.0-1000-classical-None-tsp-16,tsp,20,maxsum_stability,bnovelty,0.047619047619047616,0.047619047619047616,1412349928
1.0-1000-classical-None-tsp-16,tsp,20,maxsum_stability,maxsum_stability,1.0,1.0,1412349928
1.0-1000-classical-2008-woodworking-15,woodworking,20,bcoverage,bcoverage,1.0,1.0,1349077780
1.0-1000-classical-2008-woodworking-15,woodworking,20,bcoverage,bmaxsum,0.17647058823529413,0.17647058823529413,1349077780
1.0-1000-classical-2008-woodworking-15,woodworking,20,bcoverage,bmaxmin,0.047619047619047616,0.047619047619047616,1349077780
1.0-1000-classical-2008-woodworking-15,woodworking,20,bcoverage,bnovelty,0.1,0.1,1349077780
1.0-1000-classical-2008-woodworking-15,woodworking,20,bcoverage,maxsum_stability,0.8181818181818182,0.8181818181818182,1349077780
1.0-1000-classical-2008-woodworking-15,woodworking,20,bmaxsum,bcoverage,0.17647058823529413,0.17647058823529413,1349077780
1.0-1000-classical-2008-woodworking-15,woodworking,20,bmaxsum,bmaxsum,1.0,1.0,1349077780
1.0-1000-classical-2008-woodworking-15,woodworking,20,bmaxsum,bmaxmin,0.1,0.1,1349077780
1.0-1000-classical-2008-woodworking-15,woodworking,20,bmaxsum,bnovelty,0.1,0.1,1349077780
1.0-1000-classical-2008-woodworking-15,woodworking,20,bmaxsum,maxsum_stability,0.25,0.25,1349077780
1.0-1000-classical-2008-woodworking-15,woodworking,20,bmaxmin,bcoverage,0.047619047619047616,0.047619047619047616,1349077780
1.0-1000-classical-2008-woodworking-15,woodworking,20,bmaxmin,bmaxsum,0.1,0.1,1349077780
1.0-1000-classical-2008-woodworking-15,woodworking,20,bmaxmin,bmaxmin,1.0,1.0,1349077780
1.0-1000-classical-2008-woodworking-15,woodworking,20,bmaxmin,bnovelty,0.0,0.0,1349077780
1.0-1000-classical-2008-woodworking-15,woodworking,20,bmaxmin,maxsum_stability,0.1,0.1,1349077780
1.0-1000-classical-2008-woodworking-15,woodworking,20,bnovelty,bcoverage,0.1,0.1,1349077780
1.0-1000-classical-2008-woodworking-15,woodworking,20,bnovelty,bmaxsum,0.1,0.1,1349077780
1.0-1000-classical-2008-woodworking-15,woodworking,20,bnovelty,bmaxmin,0.0,0.0,1349077780
1.0-1000-classical-2008-woodworking-15,woodworking,20,bnovelty,bnovelty,1.0,1.0,1349077780
1.0-1000-classical-2008-woodworking-15,woodworking,20,bnovelty,maxsum_stability,0.1,0.1,1349077780
1.0-1000-classical-2008-woodworking-15,woodworking,20,maxsum_stability,bcoverage,0.8181818181818182,0.8181818181818182,1349077780
1.0-1000-classical-2008-woodworking-15,woodworking,20,maxsum_stability,bmaxsum,0.25,0.25,1349077780
1.0-1000-classical-2008-woodworking-15,woodworking,20,maxsum_stability,bmaxmin,0.1,0.1,1349077780
1.0-1000-classical-2008-woodworking-15,woodworking,20,maxsum_stability,bnovelty,0.1,0.1,1349077780
1.0-1000-classical-2008-woodworking-15,woodworking,20,maxsum_stability,maxsum_stability,1.0,1.0,1349077780
1.0-1000-classical-2000-elevators-108,elevators,20,bcoverage,bcoverage,1.0,1.0,1598355375
1.0-1000-classical-2000-elevators-108,elevators,20,bcoverage,bmaxsum,0.21212121212121213,0.21212121212121213,1598355375
1.0-1000-classical-2000-elevators-108,elevators,20,bcoverage,bmaxmin,0.1,0.1,1598355375
1.0-1000-classical-2000-elevators-108,elevators,20,bcoverage,bnovelty,0.1,0.1,1598355375
1.0-1000-classical-2000-elevators-108,elevators,20,bcoverage,maxsum_stability,0.17647058823529413,0.17647058823529413,1598355375
1.0-1000-classical-2000-elevators-108,elevators,20,bmaxsum,bcoverage,0.21212121212121213,0.21212121212121213,1598355375
1.0-1000-classical-2000-elevators-108,elevators,20,bmaxsum,bmaxsum,1.0,1.0,1598355375
1.0-1000-classical-2000-elevators-108,elevators,20,bmaxsum,bmaxmin,0.1,0.1,1598355375
1.0-1000-classical-2000-elevators-108,elevators,20,bmaxsum,bnovelty,0.1,0.1,1598355375
1.0-1000-classical-2000-elevators-108,elevators,20,bmaxsum,maxsum_stability,0.17647058823529413,0.17647058823529413,1598355375
1.0-1000-classical-2000-elevators-108,elevators,20,bmaxmin,bcoverage,0.1,0.1,1598355375
1.0-1000-classical-2000-elevators-108,elevators,20,bmaxmin,bmaxsum,0.1,0.1,1598355375
1.0-1000-classical-2000-elevators-108,elevators,20,bmaxmin,bmaxmin,1.0,1.0,1598355375
1.0-1000-classical-2000-elevators-108,elevators,20,bmaxmin,bnovelty,1.0,1.0,1598355375
1.0-1000-classical-2000-elevators-108,elevators,20,bmaxmin,maxsum_stability,0.047619047619047616,0.047619047619047616,1598355375
1.0-1000-classical-2000-elevators-108,elevators,20,bnovelty,bcoverage,0.1,0.1,1598355375
1.0-1000-classical-2000-elevators-108,elevators,20,bnovelty,bmaxsum,0.1,0.1,1598355375
1.0-1000-classical-2000-elevators-108,elevators,20,bnovelty,bmaxmin,1.0,1.0,1598355375
1.0-1000-classical-2000-elevators-108,elevators,20,bnovelty,bnovelty,1.0,1.0,1598355375
1.0-1000-classical-2000-elevators-108,elevators,20,bnovelty,maxsum_stability,0.047619047619047616,0.047619047619047616,1598355375
1.0-1000-classical-2000-elevators-108,elevators,20,maxsum_stability,bcoverage,0.17647058823529413,0.17647058823529413,1598355375
1.0-1000-classical-2000-elevators-108,elevators,20,maxsum_stability,bmaxsum,0.17647058823529413,0.17647058823529413,1598355375
1.0-1000-classical-2000-elevators-108,elevators,20,maxsum_stability,bmaxmin,0.047619047619047616,0.047619047619047616,1598355375
1.0-1000-classical-2000-elevators-108,elevators,20,maxsum_stability,bnovelty,0.047619047619047616,0.047619047619047616,1598355375
1.0-1000-classical-2000-elevators-108,elevators,20,maxsum_stability,maxsum_stability,1.0,1.0,1598355375
1.0-1000-classical-None-ferry-27,ferry,20,bcoverage,bcoverage,1.0,1.0,1615901577
1.0-1000-classical-None-ferry-27,ferry,20,bcoverage,bmaxsum,0.3333333333333333,0.3333333333333333,1615901577
1.0-1000-classical-None-ferry-27,ferry,20,bcoverage,bmaxmin,0.14285714285714285,0.14285714285714285,1615901577
1.0-1000-classical-None-ferry-27,ferry,20,bcoverage,bnovelty,0.14285714285714285,0.14285714285714285,1615901577
1.0-1000-classical-None-ferry-27,ferry,20,bcoverage,maxsum_stability,0.17647058823529413,0.17647058823529413,1615901577
1.0-1000-classical-None-ferry-27,ferry,20,bmaxsum,bcoverage,0.3333333333333333,0.3333333333333333,1615901577
1.0-1000-classical-None-ferry-27,ferry,20,bmaxsum,bmaxsum,1.0,1.0,1615901577
1.0-1000-classical-None-ferry-27,ferry,20,bmaxsum,bmaxmin,0.2,0.2,1615901577
1.0-1000-classical-None-ferry-27,ferry,20,bmaxsum,bnovelty,0.2,0.2,1615901577
1.0-1000-classical-None-ferry-27,ferry,20,bmaxsum,maxsum_stability,0.14285714285714285,0.14285714285714285,1615901577
1.0-1000-classical-None-ferry-27,ferry,20,bmaxmin,bcoverage,0.14285714285714285,0.14285714285714285,1615901577
1.0-1000-classical-None-ferry-27,ferry,20,bmaxmin,bmaxsum,0.2,0.2,1615901577
1.0-1000-classical-None-ferry-27,ferry,20,bmaxmin,bmaxmin,1.0,1.0,1615901577
1.0-1000-classical-None-ferry-27,ferry,20,bmaxmin,bnovelty,1.0,1.0,1615901577
1.0-1000-classical-None-ferry-27,ferry,20,bmaxmin,maxsum_stability,0.09090909090909091,0.09090909090909091,1615901577
1.0-1000-classical-None-ferry-27,ferry,20,bnovelty,bcoverage,0.14285714285714285,0.14285714285714285,1615901577
1.0-1000-classical-None-ferry-27,ferry,20,bnovelty,bmaxsum,0.2,0.2,1615901577
1.0-1000-classical-None-ferry-27,ferry,20,bnovelty,bmaxmin,1.0,1.0,1615901577
1.0-1000-classical-None-ferry-27,ferry,20,bnovelty,bnovelty,1.0,1.0,1615901577
1.0-1000-classical-None-ferry-27,ferry,20,bnovelty,maxsum_stability,0.09090909090909091,0.09090909090909091,1615901577
1.0-1000-classical-None-ferry-27,ferry,20,maxsum_stability,bcoverage,0.17647058823529413,0.17647058823529413,1615901577
1.0-1000-classical-None-ferry-27,ferry,20,maxsum_stability,bmaxsum,0.14285714285714285,0.14285714285714285,1615901577
1.0-1000-classical-None-ferry-27,ferry,20,maxsum_stability,bmaxmin,0.09090909090909091,0.09090909090909091,1615901577
1.0-1000-classical-None-ferry-27,ferry,20,maxsum_stability,bnovelty,0.09090909090909091,0.09090909090909091,1615901577
1.0-1000-classical-None-ferry-27,ferry,20,maxsum_stability,maxsum_stability,1.0,1.0,1615901577
1.0-1000-classical-1998-gripper-15,gripper,20,bcoverage,bcoverage,1.0,1.0,1558138621
1.0-1000-classical-1998-gripper-15,gripper,20,bcoverage,bmaxsum,0.6666666666666666,0.6666666666666666,1558138621
1.0-1000-classical-1998-gripper-15,gripper,20,bcoverage,bmaxmin,0.047619047619047616,0.047619047619047616,1558138621
1.0-1000-classical-1998-gripper-15,gripper,20,bcoverage,bnovelty,0.047619047619047616,0.047619047619047616,1558138621
1.0-1000-classical-1998-gripper-15,gripper,20,bcoverage,maxsum_stability,1.0,1.0,1558138621
1.0-1000-classical-1998-gripper-15,gripper,20,bmaxsum,bcoverage,0.6666666666666666,0.6666666666666666,1558138621
1.0-1000-classical-1998-gripper-15,gripper,20,bmaxsum,bmaxsum,1.0,1.0,1558138621
1.0-1000-classical-1998-gripper-15,gripper,20,bmaxsum,bmaxmin,0.047619047619047616,0.047619047619047616,1558138621
1.0-1000-classical-1998-gripper-15,gripper,20,bmaxsum,bnovelty,0.1,0.1,1558138621
1.0-1000-classical-1998-gripper-15,gripper,20,bmaxsum,maxsum_stability,0.6666666666666666,0.6666666666666666,1558138621
1.0-1000-classical-1998-gripper-15,gripper,20,bmaxmin,bcoverage,0.047619047619047616,0.047619047619047616,1558138621
1.0-1000-classical-1998-gripper-15,gripper,20,bmaxmin,bmaxsum,0.047619047619047616,0.047619047619047616,1558138621
1.0-1000-classical-1998-gripper-15,gripper,20,bmaxmin,bmaxmin,1.0,1.0,1558138621
1.0-1000-classical-1998-gripper-15,gripper,20,bmaxmin,bnovelty,0.3333333333333333,0.3333333333333333,1558138621
1.0-1000-classical-1998-gripper-15,gripper,20,bmaxmin,maxsum_stability,0.047619047619047616,0.047619047619047616,1558138621
1.0-1000-classical-1998-gripper-15,gripper,20,bnovelty,bcoverage,0.047619047619047616,0.047619047619047616,1558138621
1.0-1000-classical-1998-gripper-15,gripper,20,bnovelty,bmaxsum,0.1,0.1,1558138621
1.0-1000-classical-1998-gripper-15,gripper,20,bnovelty,bmaxmin,0.3333333333333333,0.3333333333333333,1558138621
1.0-1000-classical-1998-gripper-15,gripper,20,bnovelty,bnovelty,1.0,1.0,1558138621
1.0-1000-classical-1998-gripper-15,gripper,20,bnovelty,maxsum_stability,0.047619047619047616,0.047619047619047616,1558138621
1.0-1000-classical-1998-gripper-15,gripper,20,maxsum_stability,bcoverage,1.0,1.0,1558138621
1.0-1000-classical-1998-gripper-15,gripper,20,maxsum_stability,bmaxsum,0.6666666666666666,0.6666666666666666,1558138621
1.0-1000-classical-1998-gripper-15,gripper,20,maxsum_stability,bmaxmin,0.047619047619047616,0.047619047619047616,1558138621
1.0-1000-classical-1998-gripper-15,gripper,20,maxsum_stability,bnovelty,0.047619047619047616,0.047619047619047616,1558138621
1.0-1000-classical-1998-gripper-15,gripper,20,maxsum_stability,maxsum_stability,1.0,1.0,1558138621
1.0-1000-classical-None-miconic-12,miconic,20,bcoverage,bcoverage,1.0,1.0,887302677
1.0-1000-classical-None-miconic-12,miconic,20,bcoverage,bmaxsum,0.2903225806451613,0.2903225806451613,887302677
1.0-1000-classical-None-miconic-12,miconic,20,bcoverage,bmaxmin,0.1,0.1,887302677
1.0-1000-classical-None-miconic-12,miconic,20,bcoverage,bnovelty,0.1,0.1,887302677
1.0-1000-classical-None-miconic-12,miconic,20,bcoverage,maxsum_stability,0.21212121212121213,0.21212121212121213,887302677
1.0-1000-classical-None-miconic-12,miconic,20,bmaxsum,bcoverage,0.2903225806451613,0.2903225806451613,887302677
1.0-1000-classical-None-miconic-12,miconic,20,bmaxsum,bmaxsum,1.0,1.0,887302677
1.0-1000-classical-None-miconic-12,miconic,20,bmaxsum,bmaxmin,0.1,0.1,887302677
1.0-1000-classical-None-miconic-12,miconic,20,bmaxsum,bnovelty,0.1,0.1,887302677
1.0-1000-classical-None-miconic-12,miconic,20,bmaxsum,maxsum_stability,0.25,0.25,887302677
1.0-1000-classical-None-miconic-12,miconic,20,bmaxmin,bcoverage,0.1,0.1,887302677
1.0-1000-classical-None-miconic-12,miconic,20,bmaxmin,bmaxsum,0.1,0.1,887302677
1.0-1000-classical-None-miconic-12,miconic,20,bmaxmin,bmaxmin,1.0,1.0,887302677
1.0-1000-classical-None-miconic-12,miconic,20,bmaxmin,bnovelty,1.0,1.0,887302677
1.0-1000-classical-None-miconic-12,miconic,20,bmaxmin,maxsum_stability,0.047619047619047616,0.047619047619047616,887302677
1.0-1000-classical-None-miconic-12,miconic,20,bnovelty,bcoverage,0.1,0.1,887302677
1.0-1000-classical-None-miconic-12,miconic,20,bnovelty,bmaxsum,0.1,0.1,887302677
1.0-1000-classical-None-miconic-12,miconic,20,bnovelty,bmaxmin,1.0,1.0,887302677
1.0-1000-classical-None-miconic-12,miconic,20,bnovelty,bnovelty,1.0,1.0,887302677
1.0-1000-classical-None-miconic-12,miconic,20,bnovelty,maxsum_stability,0.047619047619047616,0.047619047619047616,887302677
1.0-1000-classical-None-miconic-12,miconic,20,maxsum_stability,bcoverage,0.21212121212121213,0.21212121212121213,887302677
1.0-1000-classical-None-miconic-12,miconic,20,maxsum_stability,bmaxsum,0.25,0.25,887302677
1.0-1000-classical-None-miconic-12,miconic,20,maxsum_stability,bmaxmin,0.047619047619047616,0.047619047619047616,887302677
1.0-1000-classical-None-miconic-12,miconic,20,maxsum_stability,bnovelty,0.047619047619047616,0.047619047619047616,887302677
1.0-1000-classical-None-miconic-12,miconic,20,maxsum_stability,maxsum_stability,1.0,1.0,887302677
1.0-1000-classical-1998-movie-12,movie,20,bcoverage,bcoverage,1.0,1.0,130992253
1.0-1000-classical-1998-movie-12,movie,20,bcoverage,bmaxsum,0.14285714285714285,0.14285714285714285,130992253
1.0-1000-classical-1998-movie-12,movie,20,bcoverage,bmaxmin,0.1,0.1,130992253
1.0-1000-classical-1998-movie-12,movie,20,bcoverage,bnovelty,0.1,0.1,130992253
1.0-1000-classical-1998-movie-12,movie,20,bcoverage,maxsum_stability,0.1111111111111111,0.08108108108108109,130992253
1.0-1000-classical-1998-movie-12,movie,20,bmaxsum,bcoverage,0.14285714285714285,0.14285714285714285,130992253
1.0-1000-classical-1998-movie-12,movie,20,bmaxsum,bmaxsum,1.0,1.0,130992253
1.0-1000-classical-1998-movie-12,movie,20,bmaxsum,bmaxmin,0.1,0.1,130992253
1.0-1000-classical-1998-movie-12,movie,20,bmaxsum,bnovelty,0.1,0.1,130992253
1.0-1000-classical-1998-movie-12,movie,20,bmaxsum,maxsum_stability,0.17647058823529413,0.14285714285714285,130992253
1.0-1000-classical-1998-movie-12,movie,20,bmaxmin,bcoverage,0.1,0.1,130992253
1.0-1000-classical-1998-movie-12,movie,20,bmaxmin,bmaxsum,0.1,0.1,130992253
1.0-1000-classical-1998-movie-12,movie,20,bmaxmin,bmaxmin,1.0,1.0,130992253
1.0-1000-classical-1998-movie-12,movie,20,bmaxmin,bnovelty,1.0,1.0,130992253
1.0-1000-classical-1998-movie-12,movie,20,bmaxmin,maxsum_stability,0.047619047619047616,0.047619047619047616,130992253
1.0-1000-classical-1998-movie-12,movie,20,bnovelty,bcoverage,0.1,0.1,130992253
1.0-1000-classical-1998-movie-12,movie,20,bnovelty,bmaxsum,0.1,0.1,130992253
1.0-1000-classical-1998-movie-12,movie,20,bnovelty,bmaxmin,1.0,1.0,130992253
1.0-1000-classical-1998-movie-12,movie,20,bnovelty,bnovelty,1.0,1.0,130992253
1.0-1000-classical-1998-movie-12,movie,20,bnovelty,maxsum_stability,0.047619047619047616,0.047619047619047616,130992253
1.0-1000-classical-1998-movie-12,movie,20,maxsum_stability,bcoverage,0.1111111111111111,0.08108108108108109,130992253
1.0-1000-classical-1998-movie-12,movie,20,maxsum_stability,bmaxsum,0.17647058823529413,0.14285714285714285,130992253
1.0-1000-classical-1998-movie-12,movie,20,maxsum_stability,bmaxmin,0.047619047619047616,0.047619047619047616,130992253
1.0-1000-classical-1998-movie-12,movie,20,maxsum_stability,bnovelty,0.047619047619047616,0.047619047619047616,130992253
1.0-1000-classical-1998-movie-12,movie,20,maxsum_stability,maxsum_stability,1.0,1.0,130992253
1.0-1000-classical-2006-openstacks-5,openstacks,20,bcoverage,bcoverage,1.0,1.0,1402278771
1.0-1000-classical-2006-openstacks-5,openstacks,20,bcoverage,bmaxsum,0.5384615384615384,0.5384615384615384,1402278771
1.0-1000-classical-2006-openstacks-5,openstacks,20,bcoverage,bmaxmin,0.15,0.15,1402278771
1.0-1000-classical-2006-openstacks-5,openstacks,20,bcoverage,bnovelty,0.15,0.15,1402278771
1.0-1000-classical-2006-openstacks-5,openstacks,20,bcoverage,maxsum_stability,0.2,0.14285714285714285,1402278771
1.0-1000-classical-2006-openstacks-5,openstacks,20,bmaxsum,bcoverage,0.5384615384615384,0.5384615384615384,1402278771
1.0-1000-classical-2006-openstacks-5,openstacks,20,bmaxsum,bmaxsum,1.0,1.0,1402278771
1.0-1000-classical-2006-openstacks-5,openstacks,20,bmaxsum,bmaxmin,0.15,0.15,1402278771
1.0-1000-classical-2006-openstacks-5,openstacks,20,bmaxsum,bnovelty,0.15,0.15,1402278771
1.0-1000-classical-2006-openstacks-5,openstacks,20,bmaxsum,maxsum_stability,0.2413793103448276,0.08108108108108109,1402278771
1.0-1000-classical-2006-openstacks-5,openstacks,20,bmaxmin,bcoverage,0.15,0.15,1402278771
1.0-1000-classical-2006-openstacks-5,openstacks,20,bmaxmin,bmaxsum,0.15,0.15,1402278771
1.0-1000-classical-2006-openstacks-5,openstacks,20,bmaxmin,bmaxmin,1.0,1.0,1402278771
1.0-1000-classical-2006-openstacks-5,openstacks,20,bmaxmin,bnovelty,1.0,1.0,1402278771
1.0-1000-classical-2006-openstacks-5,openstacks,20,bmaxmin,maxsum_stability,0.11764705882352941,0.045454545454545456,1402278771
1.0-1000-classical-2006-openstacks-5,openstacks,20,bnovelty,bcoverage,0.15,0.15,1402278771
1.0-1000-classical-2006-openstacks-5,openstacks,20,bnovelty,bmaxsum,0.15,0.15,1402278771
1.0-1000-classical-2006-openstacks-5,openstacks,20,bnovelty,bmaxmin,1.0,1.0,1402278771
1.0-1000-classical-2006-openstacks-5,openstacks,20,bnovelty,bnovelty,1.0,1.0,1402278771
1.0-1000-classical-2006-openstacks-5,openstacks,20,bnovelty,maxsum_stability,0.11764705882352941,0.045454545454545456,1402278771
1.0-1000-classical-2006-openstacks-5,openstacks,20,maxsum_stability,bcoverage,0.2,0.14285714285714285,1402278771
1.0-1000-classical-2006-openstacks-5,openstacks,20,maxsum_stability,bmaxsum,0.2413793103448276,0.08108108108108109,1402278771
1.0-1000-classical-2006-openstacks-5,openstacks,20,maxsum_stability,bmaxmin,0.11764705882352941,0.045454545454545456,1402278771
1.0-1000-classical-2006-openstacks-5,openstacks,20,maxsum_stability,bnovelty,0.11764705882352941,0.045454545454545456,1402278771
1.0-1000-classical-2006-openstacks-5,openstacks,20,maxsum_stability,maxsum_stability,1.0,1.0,1402278771
1.0-1000-classical-2004-satellite-2,satellite,20,bcoverage,bcoverage,1.0,1.0,109334136
1.0-1000-classical-2004-satellite-2,satellite,20,bcoverage,bmaxsum,0.3793103448275862,0.3793103448275862,109334136
1.0-1000-classical-2004-satellite-2,satellite,20,bcoverage,bmaxmin,0.13636363636363635,0.13636363636363635,109334136
1.0-1000-classical-2004-satellite-2,satellite,20,bcoverage,bnovelty,0.13636363636363635,0.13636363636363635,109334136
1.0-1000-classical-2004-satellite-2,satellite,20,bcoverage,maxsum_stability,0.14285714285714285,0.14285714285714285,109334136
1.0-1000-classical-2004-satellite-2,satellite,20,bmaxsum,bcoverage,0.3793103448275862,0.3793103448275862,109334136
1.0-1000-classical-2004-satellite-2,satellite,20,bmaxsum,bmaxsum,1.0,1.0,109334136
1.0-1000-classical-2004-satellite-2,satellite,20,bmaxsum,bmaxmin,0.25,0.25,109334136
1.0-1000-classical-2004-satellite-2,satellite,20,bmaxsum,bnovelty,0.25,0.25,109334136
1.0-1000-classical-2004-satellite-2,satellite,20,bmaxsum,maxsum_stability,0.14285714285714285,0.14285714285714285,109334136
1.0-1000-classical-2004-satellite-2,satellite,20,bmaxmin,bcoverage,0.13636363636363635,0.13636363636363635,109334136
1.0-1000-classical-2004-satellite-2,satellite,20,bmaxmin,bmaxsum,0.25,0.25,109334136
1.0-1000-classical-2004-satellite-2,satellite,20,bmaxmin,bmaxmin,1.0,1.0,109334136
1.0-1000-classical-2004-satellite-2,satellite,20,bmaxmin,bnovelty,1.0,1.0,109334136
1.0-1000-classical-2004-satellite-2,satellite,20,bmaxmin,maxsum_stability,0.041666666666666664,0.041666666666666664,109334136
1.0-1000-classical-2004-satellite-2,satellite,20,bnovelty,bcoverage,0.13636363636363635,0.13636363636363635,109334136
1.0-1000-classical-2004-satellite-2,satellite,20,bnovelty,bmaxsum,0.25,0.25,109334136
1.0-1000-classical-2004-satellite-2,satellite,20,bnovelty,bmaxmin,1.0,1.0,109334136
1.0-1000-classical-2004-satellite-2,satellite,20,bnovelty,bnovelty,1.0,1.0,109334136
1.0-1000-classical-2004-satellite-2,satellite,20,bnovelty,maxsum_stability,0.041666666666666664,0.041666666666666664,109334136
1.0-1000-classical-2004-satellite-2,satellite,20,maxsum_stability,bcoverage,0.14285714285714285,0.14285714285714285,109334136
1.0-1000-classical-2004-satellite-2,satellite,20,maxsum_stability,bmaxsum,0.14285714285714285,0.14285714285714285,109334136
1.0-1000-classical-2004-satellite-2,satellite,20,maxsum_stability,bmaxmin,0.041666666666666664,0.041666666666666664,109334136
1.0-1000-classical-2004-satellite-2,satellite,20,maxsum_stability,bnovelty,0.041666666666666664,0.041666666666666664,109334136
1.0-1000-classical-2004-satellite-2,satellite,20,maxsum_stability,maxsum_stability,1.0,1.0,109334136
1.0-1000-classical-2008-scanalyzer-4,scanalyzer,20,bcoverage,bcoverage,1.0,1.0,1361270870
1.0-1000-classical-2008-scanalyzer-4,scanalyzer,20,bcoverage,bmaxsum,0.3333333333333333,0.3333333333333333,1361270870
1.0-1000-classical-2008-scanalyzer-4,scanalyzer,20,bcoverage,bmaxmin,0.09523809523809523,0.09523809523809523,1361270870
1.0-1000-classical-2008-scanalyzer-4,scanalyzer,20,bcoverage,bnovelty,0.09523809523809523,0.09523809523809523,1361270870
1.0-1000-classical-2008-scanalyzer-4,scanalyzer,20,bcoverage,maxsum_stability,0.05263157894736842,0.05263157894736842,1361270870
1.0-1000-classical-2008-scanalyzer-4,scanalyzer,20,bmaxsum,bcoverage,0.3333333333333333,0.3333333333333333,1361270870
1.0-1000-classical-2008-scanalyzer-4,scanalyzer,20,bmaxsum,bmaxsum,1.0,1.0,1361270870
1.0-1000-classical-2008-scanalyzer-4,scanalyzer,20,bmaxsum,bmaxmin,0.15,0.15,1361270870
1.0-1000-classical-2008-scanalyzer-4,scanalyzer,20,bmaxsum,bnovelty,0.15,0.15,1361270870
1.0-1000-classical-2008-scanalyzer-4,scanalyzer,20,bmaxsum,maxsum_stability,0.05263157894736842,0.05263157894736842,1361270870
1.0-1000-classical-2008-scanalyzer-4,scanalyzer,20,bmaxmin,bcoverage,0.09523809523809523,0.09523809523809523,1361270870
1.0-1000-classical-2008-scanalyzer-4,scanalyzer,20,bmaxmin,bmaxsum,0.15,0.15,1361270870
1.0-1000-classical-2008-scanalyzer-4,scanalyzer,20,bmaxmin,bmaxmin,1.0,1.0,1361270870
1.0-1000-classical-2008-scanalyzer-4,scanalyzer,20,bmaxmin,bnovelty,1.0,1.0,1361270870
1.0-1000-classical-2008-scanalyzer-4,scanalyzer,20,bmaxmin,maxsum_stability,0.045454545454545456,0.045454545454545456,1361270870
1.0-1000-classical-2008-scanalyzer-4,scanalyzer,20,bnovelty,bcoverage,0.09523809523809523,0.09523809523809523,1361270870
1.0-1000-classical-2008-scanalyzer-4,scanalyzer,20,bnovelty,bmaxsum,0.15,0.15,1361270870
1.0-1000-classical-2008-scanalyzer-4,scanalyzer,20,bnovelty,bmaxmin,1.0,1.0,1361270870
1.0-1000-classical-2008-scanalyzer-4,scanalyzer,20,bnovelty,bnovelty,1.0,1.0,1361270870
1.0-1000-classical-2008-scanalyzer-4,scanalyzer,20,bnovelty,maxsum_stability,0.045454545454545456,0.045454545454545456,1361270870
1.0-1000-classical-2008-scanalyzer-4,scanalyzer,20,maxsum_stability,bcoverage,0.05263157894736842,0.05263157894736842,1361270870
1.0-1000-classical-2008-scanalyzer-4,scanalyzer,20,maxsum_stability,bmaxsum,0.05263157894736842,0.05263157894736842,1361270870
1.0-1000-classical-2008-scanalyzer-4,scanalyzer,20,maxsum_stability,bmaxmin,0.045454545454545456,0.045454545454545456,1361270870
1.0-1000-classical-2008-scanalyzer-4,scanalyzer,20,maxsum_stability,bnovelty,0.045454545454545456,0.045454545454545456,1361270870
1.0-1000-classical-2008-scanalyzer-4,scanalyzer,20,maxsum_stability,maxsum_stability,1.0,1.0,1361270870
1.0-1000-classical-2000-schedule-12,schedule,20,bcoverage,bcoverage,1.0,1.0,665937453
1.0-1000-classical-2000-schedule-12,schedule,20,bcoverage,bmaxsum,0.05263157894736842,0.05263157894736842,665937453
1.0-1000-classical-2000-schedule-12,schedule,20,bcoverage,bmaxmin,0.047619047619047616,0.047619047619047616,665937453
1.0-1000-classical-2000-schedule-12,schedule,20,bcoverage,bnovelty,0.045454545454545456,0.045454545454545456,665937453
1.0-1000-classical-2000-schedule-12,schedule,20,bcoverage,maxsum_stability,0.3793103448275862,0.3793103448275862,665937453
1.0-1000-classical-2000-schedule-12,schedule,20,bmaxsum,bcoverage,0.05263157894736842,0.05263157894736842,665937453
1.0-1000-classical-2000-schedule-12,schedule,20,bmaxsum,bmaxsum,1.0,1.0,665937453
1.0-1000-classical-2000-schedule-12,schedule,20,bmaxsum,bmaxmin,0.047619047619047616,0.047619047619047616,665937453
1.0-1000-classical-2000-schedule-12,schedule,20,bmaxsum,bnovelty,0.15,0.15,665937453
1.0-1000-classical-2000-schedule-12,schedule,20,bmaxsum,maxsum_stability,0.2903225806451613,0.2903225806451613,665937453
1.0-1000-classical-2000-schedule-12,schedule,20,bmaxmin,bcoverage,0.047619047619047616,0.047619047619047616,665937453
1.0-1000-classical-2000-schedule-12,schedule,20,bmaxmin,bmaxsum,0.047619047619047616,0.047619047619047616,665937453
1.0-1000-classical-2000-schedule-12,schedule,20,bmaxmin,bmaxmin,1.0,1.0,665937453
1.0-1000-classical-2000-schedule-12,schedule,20,bmaxmin,bnovelty,0.0,0.0,665937453
1.0-1000-classical-2000-schedule-12,schedule,20,bmaxmin,maxsum_stability,0.1,0.1,665937453
1.0-1000-classical-2000-schedule-12,schedule,20,bnovelty,bcoverage,0.045454545454545456,0.045454545454545456,665937453
1.0-1000-classical-2000-schedule-12,schedule,20,bnovelty,bmaxsum,0.15,0.15,665937453
1.0-1000-classical-2000-schedule-12,schedule,20,bnovelty,bmaxmin,0.0,0.0,665937453
1.0-1000-classical-2000-schedule-12,schedule,20,bnovelty,bnovelty,1.0,1.0,665937453
1.0-1000-classical-2000-schedule-12,schedule,20,bnovelty,maxsum_stability,0.09523809523809523,0.09523809523809523,665937453
1.0-1000-classical-2000-schedule-12,schedule,20,maxsum_stability,bcoverage,0.3793103448275862,0.3793103448275862,665937453
1.0-1000-classical-2000-schedule-12,schedule,20,maxsum_stability,bmaxsum,0.2903225806451613,0.2903225806451613,665937453
1.0-1000-classical-2000-schedule-12,schedule,20,maxsum_stability,bmaxmin,0.1,0.1,665937453
1.0-1000-classical-2000-schedule-12,schedule,20,maxsum_stability,bnovelty,0.09523809523809523,0.09523809523809523,665937453
1.0-1000-classical-2000-schedule-12,schedule,20,maxsum_stability,maxsum_stability,1.0,1.0,665937453
1.0-1000-classical-None-tsp-17,tsp,20,bcoverage,bcoverage,1.0,1.0,589926270
1.0-1000-classical-None-tsp-17,tsp,20,bcoverage,bmaxsum,0.14285714285714285,0.14285714285714285,589926270
1.0-1000-classical-None-tsp-17,tsp,20,bcoverage,bmaxmin,0.047619047619047616,0.047619047619047616,589926270
1.0-1000-classical-None-tsp-17,tsp,20,bcoverage,bnovelty,0.047619047619047616,0.047619047619047616,589926270
1.0-1000-classical-None-tsp-17,tsp,20,bcoverage,maxsum_stability,0.05263157894736842,0.05263157894736842,589926270
1.0-1000-classical-None-tsp-17,tsp,20,bmaxsum,bcoverage,0.14285714285714285,0.14285714285714285,589926270
1.0-1000-classical-None-tsp-17,tsp,20,bmaxsum,bmaxsum,1.0,1.0,589926270
1.0-1000-classical-None-tsp-17,tsp,20,bmaxsum,bmaxmin,0.1,0.1,589926270
1.0-1000-classical-None-tsp-17,tsp,20,bmaxsum,bnovelty,0.1,0.1,589926270
1.0-1000-classical-None-tsp-17,tsp,20,bmaxsum,maxsum_stability,0.02564102564102564,0.02564102564102564,589926270
1.0-1000-classical-None-tsp-17,tsp,20,bmaxmin,bcoverage,0.047619047619047616,0.047619047619047616,589926270
1.0-1000-classical-None-tsp-17,tsp,20,bmaxmin,bmaxsum,0.1,0.1,589926270
1.0-1000-classical-None-tsp-17,tsp,20,bmaxmin,bmaxmin,1.0,1.0,589926270
1.0-1000-classical-None-tsp-17,tsp,20,bmaxmin,bnovelty,1.0,1.0,589926270
1.0-1000-classical-None-tsp-17,tsp,20,bmaxmin,maxsum_stability,0.047619047619047616,0.047619047619047616,589926270
1.0-1000-classical-None-tsp-17,tsp,20,bnovelty,bcoverage,0.047619047619047616,0.047619047619047616,589926270
1.0-1000-classical-None-tsp-17,tsp,20,bnovelty,bmaxsum,0.1,0.1,589926270
1.0-1000-classical-None-tsp-17,tsp,20,bnovelty,bmaxmin,1.0,1.0,589926270
1.0-1000-classical-None-tsp-17,tsp,20,bnovelty,bnovelty,1.0,1.0,589926270
1.0-1000-classical-None-tsp-17,tsp,20,bnovelty,maxsum_stability,0.047619047619047616,0.047619047619047616,589926270
1.0-1000-classical-None-tsp-17,tsp,20,maxsum_stability,bcoverage,0.05263157894736842,0.05263157894736842,589926270
1.0-1000-classical-None-tsp-17,tsp,20,maxsum_stability,bmaxsum,0.02564102564102564,0.02564102564102564,589926270
1.0-1000-classical-None-tsp-17,tsp,20,maxsum_stability,bmaxmin,0.047619047619047616,0.047619047619047616,589926270
1.0-1000-classical-None-tsp-17,tsp,20,maxsum_stability,bnovelty,0.047619047619047616,0.047619047619047616,589926270
1.0-1000-classical-None-tsp-17,tsp,20,maxsum_stability,maxsum_stability,1.0,1.0,589926270
1.0-1000-classical-2008-woodworking-16,woodworking,20,bcoverage,bcoverage,1.0,1.0,1231035054
1.0-1000-classical-2008-woodworking-16,woodworking,20,bcoverage,bmaxsum,0.3793103448275862,0.3793103448275862,1231035054
1.0-1000-classical-2008-woodworking-16,woodworking,20,bcoverage,bmaxmin,0.1,0.1,1231035054
1.0-1000-classical-2008-woodworking-16,woodworking,20,bcoverage,bnovelty,0.1,0.1,1231035054
1.0-1000-classical-2008-woodworking-16,woodworking,20,bcoverage,maxsum_stability,0.6666666666666666,0.5384615384615384,1231035054
1.0-1000-classical-2008-woodworking-16,woodworking,20,bmaxsum,bcoverage,0.3793103448275862,0.3793103448275862,1231035054
1.0-1000-classical-2008-woodworking-16,woodworking,20,bmaxsum,bmaxsum,1.0,1.0,1231035054
1.0-1000-classical-2008-woodworking-16,woodworking,20,bmaxsum,bmaxmin,0.1,0.1,1231035054
1.0-1000-classical-2008-woodworking-16,woodworking,20,bmaxsum,bnovelty,0.1,0.1,1231035054
1.0-1000-classical-2008-woodworking-16,woodworking,20,bmaxsum,maxsum_stability,0.34615384615384615,0.2903225806451613,1231035054
1.0-1000-classical-2008-woodworking-16,woodworking,20,bmaxmin,bcoverage,0.1,0.1,1231035054
1.0-1000-classical-2008-woodworking-16,woodworking,20,bmaxmin,bmaxsum,0.1,0.1,1231035054
1.0-1000-classical-2008-woodworking-16,woodworking,20,bmaxmin,bmaxmin,1.0,1.0,1231035054
1.0-1000-classical-2008-woodworking-16,woodworking,20,bmaxmin,bnovelty,1.0,1.0,1231035054
1.0-1000-classical-2008-woodworking-16,woodworking,20,bmaxmin,maxsum_stability,0.13333333333333333,0.1,1231035054
1.0-1000-classical-2008-woodworking-16,woodworking,20,bnovelty,bcoverage,0.1,0.1,1231035054
1.0-1000-classical-2008-woodworking-16,woodworking,20,bnovelty,bmaxsum,0.1,0.1,1231035054
1.0-1000-classical-2008-woodworking-16,woodworking,20,bnovelty,bmaxmin,1.0,1.0,1231035054
1.0-1000-classical-2008-woodworking-16,woodworking,20,bnovelty,bnovelty,1.0,1.0,1231035054
1.0-1000-classical-2008-woodworking-16,woodworking,20,bnovelty,maxsum_stability,0.13333333333333333,0.1,1231035054
1.0-1000-classical-2008-woodworking-16,woodworking,20,maxsum_stability,bcoverage,0.6666666666666666,0.5384615384615384,1231035054
1.0-1000-classical-2008-woodworking-16,woodworking,20,maxsum_stability,bmaxsum,0.34615384615384615,0.2903225806451613,1231035054
1.0-1000-classical-2008-woodworking-16,woodworking,20,maxsum_stability,bmaxmin,0.13333333333333333,0.1,1231035054
1.0-1000-classical-2008-woodworking-16,woodworking,20,maxsum_stability,bnovelty,0.13333333333333333,0.1,1231035054
1.0-1000-classical-2008-woodworking-16,woodworking,20,maxsum_stability,maxsum_stability,1.0,1.0,1231035054
1.0-1000-classical-2000-elevators-109,elevators,20,bcoverage,bcoverage,1.0,1.0,675530553
1.0-1000-classical-2000-elevators-109,elevators,20,bcoverage,bmaxsum,0.25,0.25,675530553
1.0-1000-classical-2000-elevators-109,elevators,20,bcoverage,bmaxmin,0.1,0.1,675530553
1.0-1000-classical-2000-elevators-109,elevators,20,bcoverage,bnovelty,0.1,0.1,675530553
1.0-1000-classical-2000-elevators-109,elevators,20,bcoverage,maxsum_stability,0.1111111111111111,0.1111111111111111,675530553
1.0-1000-classical-2000-elevators-109,elevators,20,bmaxsum,bcoverage,0.25,0.25,675530553
1.0-1000-classical-2000-elevators-109,elevators,20,bmaxsum,bmaxsum,1.0,1.0,675530553
1.0-1000-classical-2000-elevators-109,elevators,20,bmaxsum,bmaxmin,0.1,0.1,675530553
1.0-1000-classical-2000-elevators-109,elevators,20,bmaxsum,bnovelty,0.1,0.1,675530553
1.0-1000-classical-2000-elevators-109,elevators,20,bmaxsum,maxsum_stability,0.14285714285714285,0.14285714285714285,675530553
1.0-1000-classical-2000-elevators-109,elevators,20,bmaxmin,bcoverage,0.1,0.1,675530553
1.0-1000-classical-2000-elevators-109,elevators,20,bmaxmin,bmaxsum,0.1,0.1,675530553
1.0-1000-classical-2000-elevators-109,elevators,20,bmaxmin,bmaxmin,1.0,1.0,675530553
1.0-1000-classical-2000-elevators-109,elevators,20,bmaxmin,bnovelty,0.0,0.0,675530553
1.0-1000-classical-2000-elevators-109,elevators,20,bmaxmin,maxsum_stability,0.047619047619047616,0.047619047619047616,675530553
1.0-1000-classical-2000-elevators-109,elevators,20,bnovelty,bcoverage,0.1,0.1,675530553
1.0-1000-classical-2000-elevators-109,elevators,20,bnovelty,bmaxsum,0.1,0.1,675530553
1.0-1000-classical-2000-elevators-109,elevators,20,bnovelty,bmaxmin,0.0,0.0,675530553
1.0-1000-classical-2000-elevators-109,elevators,20,bnovelty,bnovelty,1.0,1.0,675530553
1.0-1000-classical-2000-elevators-109,elevators,20,bnovelty,maxsum_stability,0.047619047619047616,0.047619047619047616,675530553
1.0-1000-classical-2000-elevators-109,elevators,20,maxsum_stability,bcoverage,0.1111111111111111,0.1111111111111111,675530553
1.0-1000-classical-2000-elevators-109,elevators,20,maxsum_stability,bmaxsum,0.14285714285714285,0.14285714285714285,675530553
1.0-1000-classical-2000-elevators-109,elevators,20,maxsum_stability,bmaxmin,0.047619047619047616,0.047619047619047616,675530553
1.0-1000-classical-2000-elevators-109,elevators,20,maxsum_stability,bnovelty,0.047619047619047616,0.047619047619047616,675530553
1.0-1000-classical-2000-elevators-109,elevators,20,maxsum_stability,maxsum_stability,1.0,1.0,675530553
1.0-1000-classical-None-ferry-29,ferry,20,bcoverage,bcoverage,1.0,1.0,132685454
1.0-1000-classical-None-ferry-29,ferry,20,bcoverage,bmaxsum,0.3333333333333333,0.3333333333333333,132685454
1.0-1000-classical-None-ferry-29,ferry,20,bcoverage,bmaxmin,0.2,0.2,132685454
1.0-1000-classical-None-ferry-29,ferry,20,bcoverage,bnovelty,0.2,0.2,132685454
1.0-1000-classical-None-ferry-29,ferry,20,bcoverage,maxsum_stability,0.2903225806451613,0.2903225806451613,132685454
1.0-1000-classical-None-ferry-29,ferry,20,bmaxsum,bcoverage,0.3333333333333333,0.3333333333333333,132685454
1.0-1000-classical-None-ferry-29,ferry,20,bmaxsum,bmaxsum,1.0,1.0,132685454
1.0-1000-classical-None-ferry-29,ferry,20,bmaxsum,bmaxmin,0.2,0.2,132685454
1.0-1000-classical-None-ferry-29,ferry,20,bmaxsum,bnovelty,0.2,0.2,132685454
1.0-1000-classical-None-ferry-29,ferry,20,bmaxsum,maxsum_stability,0.21212121212121213,0.21212121212121213,132685454
1.0-1000-classical-None-ferry-29,ferry,20,bmaxmin,bcoverage,0.2,0.2,132685454
1.0-1000-classical-None-ferry-29,ferry,20,bmaxmin,bmaxsum,0.2,0.2,132685454
1.0-1000-classical-None-ferry-29,ferry,20,bmaxmin,bmaxmin,1.0,1.0,132685454
1.0-1000-classical-None-ferry-29,ferry,20,bmaxmin,bnovelty,1.0,1.0,132685454
1.0-1000-classical-None-ferry-29,ferry,20,bmaxmin,maxsum_stability,0.2,0.2,132685454
1.0-1000-classical-None-ferry-29,ferry,20,bnovelty,bcoverage,0.2,0.2,132685454
1.0-1000-classical-None-ferry-29,ferry,20,bnovelty,bmaxsum,0.2,0.2,132685454
1.0-1000-classical-None-ferry-29,ferry,20,bnovelty,bmaxmin,1.0,1.0,132685454
1.0-1000-classical-None-ferry-29,ferry,20,bnovelty,bnovelty,1.0,1.0,132685454
1.0-1000-classical-None-ferry-29,ferry,20,bnovelty,maxsum_stability,0.2,0.2,132685454
1.0-1000-classical-None-ferry-29,ferry,20,maxsum_stability,bcoverage,0.2903225806451613,0.2903225806451613,132685454
1.0-1000-classical-None-ferry-29,ferry,20,maxsum_stability,bmaxsum,0.21212121212121213,0.21212121212121213,132685454
1.0-1000-classical-None-ferry-29,ferry,20,maxsum_stability,bmaxmin,0.2,0.2,132685454
1.0-1000-classical-None-ferry-29,ferry,20,maxsum_stability,bnovelty,0.2,0.2,132685454
1.0-1000-classical-None-ferry-29,ferry,20,maxsum_stability,maxsum_stability,1.0,1.0,132685454
1.0-1000-classical-1998-gripper-16,gripper,20,bcoverage,bcoverage,1.0,1.0,1171660615
1.0-1000-classical-1998-gripper-16,gripper,20,bcoverage,bmaxsum,0.6666666666666666,0.6666666666666666,1171660615
1.0-1000-classical-1998-gripper-16,gripper,20,bcoverage,bmaxmin,0.047619047619047616,0.047619047619047616,1171660615
1.0-1000-classical-1998-gripper-16,gripper,20,bcoverage,bnovelty,0.047619047619047616,0.047619047619047616,1171660615
1.0-1000-classical-1998-gripper-16,gripper,20,bcoverage,maxsum_stability,0.9047619047619048,0.9047619047619048,1171660615
1.0-1000-classical-1998-gripper-16,gripper,20,bmaxsum,bcoverage,0.6666666666666666,0.6666666666666666,1171660615
1.0-1000-classical-1998-gripper-16,gripper,20,bmaxsum,bmaxsum,1.0,1.0,1171660615
1.0-1000-classical-1998-gripper-16,gripper,20,bmaxsum,bmaxmin,0.1,0.1,1171660615
1.0-1000-classical-1998-gripper-16,gripper,20,bmaxsum,bnovelty,0.1,0.1,1171660615
1.0-1000-classical-1998-gripper-16,gripper,20,bmaxsum,maxsum_stability,0.6666666666666666,0.6666666666666666,1171660615
1.0-1000-classical-1998-gripper-16,gripper,20,bmaxmin,bcoverage,0.047619047619047616,0.047619047619047616,1171660615
1.0-1000-classical-1998-gripper-16,gripper,20,bmaxmin,bmaxsum,0.1,0.1,1171660615
1.0-1000-classical-1998-gripper-16,gripper,20,bmaxmin,bmaxmin,1.0,1.0,1171660615
1.0-1000-classical-1998-gripper-16,gripper,20,bmaxmin,bnovelty,0.3333333333333333,0.3333333333333333,1171660615
1.0-1000-classical-1998-gripper-16,gripper,20,bmaxmin,maxsum_stability,0.047619047619047616,0.047619047619047616,1171660615
1.0-1000-classical-1998-gripper-16,gripper,20,bnovelty,bcoverage,0.047619047619047616,0.047619047619047616,1171660615
1.0-1000-classical-1998-gripper-16,gripper,20,bnovelty,bmaxsum,0.1,0.1,1171660615
1.0-1000-classical-1998-gripper-16,gripper,20,bnovelty,bmaxmin,0.3333333333333333,0.3333333333333333,1171660615
1.0-1000-classical-1998-gripper-16,gripper,20,bnovelty,bnovelty,1.0,1.0,1171660615
1.0-1000-classical-1998-gripper-16,gripper,20,bnovelty,maxsum_stability,0.047619047619047616,0.047619047619047616,1171660615
1.0-1000-classical-1998-gripper-16,gripper,20,maxsum_stability,bcoverage,0.9047619047619048,0.9047619047619048,1171660615
1.0-1000-classical-1998-gripper-16,gripper,20,maxsum_stability,bmaxsum,0.6666666666666666,0.6666666666666666,1171660615
1.0-1000-classical-1998-gripper-16,gripper,20,maxsum_stability,bmaxmin,0.047619047619047616,0.047619047619047616,1171660615
1.0-1000-classical-1998-gripper-16,gripper,20,maxsum_stability,bnovelty,0.047619047619047616,0.047619047619047616,1171660615
1.0-1000-classical-1998-gripper-16,gripper,20,maxsum_stability,maxsum_stability,1.0,1.0,1171660615
1.0-1000-classical-None-miconic-120,miconic,20,bcoverage,bcoverage,1.0,1.0,1500370027
1.0-1000-classical-None-miconic-120,miconic,20,bcoverage,bmaxsum,0.14285714285714285,0.14285714285714285,1500370027
1.0-1000-classical-None-miconic-120,miconic,20,bcoverage,bmaxmin,0.1,0.1,1500370027
1.0-1000-classical-None-miconic-120,miconic,20,bcoverage,bnovelty,0.1,0.1,1500370027
1.0-1000-classical-None-miconic-120,miconic,20,bcoverage,maxsum_stability,0.08108108108108109,0.08108108108108109,1500370027
1.0-1000-classical-None-miconic-120,miconic,20,bmaxsum,bcoverage,0.14285714285714285,0.14285714285714285,1500370027
1.0-1000-classical-None-miconic-120,miconic,20,bmaxsum,bmaxsum,1.0,1.0,1500370027
1.0-1000-classical-None-miconic-120,miconic,20,bmaxsum,bmaxmin,0.1,0.1,1500370027
1.0-1000-classical-None-miconic-120,miconic,20,bmaxsum,bnovelty,0.1,0.1,1500370027
1.0-1000-classical-None-miconic-120,miconic,20,bmaxsum,maxsum_stability,0.05263157894736842,0.05263157894736842,1500370027
1.0-1000-classical-None-miconic-120,miconic,20,bmaxmin,bcoverage,0.1,0.1,1500370027
1.0-1000-classical-None-miconic-120,miconic,20,bmaxmin,bmaxsum,0.1,0.1,1500370027
1.0-1000-classical-None-miconic-120,miconic,20,bmaxmin,bmaxmin,1.0,1.0,1500370027
1.0-1000-classical-None-miconic-120,miconic,20,bmaxmin,bnovelty,1.0,1.0,1500370027
1.0-1000-classical-None-miconic-120,miconic,20,bmaxmin,maxsum_stability,0.1,0.1,1500370027
1.0-1000-classical-None-miconic-120,miconic,20,bnovelty,bcoverage,0.1,0.1,1500370027
1.0-1000-classical-None-miconic-120,miconic,20,bnovelty,bmaxsum,0.1,0.1,1500370027
1.0-1000-classical-None-miconic-120,miconic,20,bnovelty,bmaxmin,1.0,1.0,1500370027
1.0-1000-classical-None-miconic-120,miconic,20,bnovelty,bnovelty,1.0,1.0,1500370027
1.0-1000-classical-None-miconic-120,miconic,20,bnovelty,maxsum_stability,0.1,0.1,1500370027
1.0-1000-classical-None-miconic-120,miconic,20,maxsum_stability,bcoverage,0.08108108108108109,0.08108108108108109,1500370027
1.0-1000-classical-None-miconic-120,miconic,20,maxsum_stability,bmaxsum,0.05263157894736842,0.05263157894736842,1500370027
1.0-1000-classical-None-miconic-120,miconic,20,maxsum_stability,bmaxmin,0.1,0.1,1500370027
1.0-1000-classical-None-miconic-120,miconic,20,maxsum_stability,bnovelty,0.1,0.1,1500370027
1.0-1000-classical-None-miconic-120,miconic,20,maxsum_stability,maxsum_stability,1.0,1.0,1500370027
1.0-1000-classical-1998-movie-13,movie,20,bcoverage,bcoverage,1.0,1.0,1892284651
1.0-1000-classical-1998-movie-13,movie,20,bcoverage,bmaxsum,0.17647058823529413,0.17647058823529413,1892284651
1.0-1000-classical-1998-movie-13,movie,20,bcoverage,bmaxmin,0.047619047619047616,0.047619047619047616,1892284651
1.0-1000-classical-1998-movie-13,movie,20,bcoverage,bnovelty,0.047619047619047616,0.047619047619047616,1892284651
1.0-1000-classical-1998-movie-13,movie,20,bcoverage,maxsum_stability,0.1111111111111111,0.08108108108108109,1892284651
1.0-1000-classical-1998-movie-13,movie,20,bmaxsum,bcoverage,0.17647058823529413,0.17647058823529413,1892284651
1.0-1000-classical-1998-movie-13,movie,20,bmaxsum,bmaxsum,1.0,1.0,1892284651
1.0-1000-classical-1998-movie-13,movie,20,bmaxsum,bmaxmin,0.1,0.1,1892284651
1.0-1000-classical-1998-movie-13,movie,20,bmaxsum,bnovelty,0.1,0.1,1892284651
1.0-1000-classical-1998-movie-13,movie,20,bmaxsum,maxsum_stability,0.17647058823529413,0.17647058823529413,1892284651
1.0-1000-classical-1998-movie-13,movie,20,bmaxmin,bcoverage,0.047619047619047616,0.047619047619047616,1892284651
1.0-1000-classical-1998-movie-13,movie,20,bmaxmin,bmaxsum,0.1,0.1,1892284651
1.0-1000-classical-1998-movie-13,movie,20,bmaxmin,bmaxmin,1.0,1.0,1892284651
1.0-1000-classical-1998-movie-13,movie,20,bmaxmin,bnovelty,1.0,1.0,1892284651
1.0-1000-classical-1998-movie-13,movie,20,bmaxmin,maxsum_stability,0.047619047619047616,0.047619047619047616,1892284651
1.0-1000-classical-1998-movie-13,movie,20,bnovelty,bcoverage,0.047619047619047616,0.047619047619047616,1892284651
1.0-1000-classical-1998-movie-13,movie,20,bnovelty,bmaxsum,0.1,0.1,1892284651
1.0-1000-classical-1998-movie-13,movie,20,bnovelty,bmaxmin,1.0,1.0,1892284651
1.0-1000-classical-1998-movie-13,movie,20,bnovelty,bnovelty,1.0,1.0,1892284651
1.0-1000-classical-1998-movie-13,movie,20,bnovelty,maxsum_stability,0.047619047619047616,0.047619047619047616,1892284651
1.0-1000-classical-1998-movie-13,movie,20,maxsum_stability,bcoverage,0.1111111111111111,0.08108108108108109,1892284651
1.0-1000-classical-1998-movie-13,movie,20,maxsum_stability,bmaxsum,0.17647058823529413,0.17647058823529413,1892284651
1.0-1000-classical-1998-movie-13,movie,20,maxsum_stability,bmaxmin,0.047619047619047616,0.047619047619047616,1892284651
1.0-1000-classical-1998-movie-13,movie,20,maxsum_stability,bnovelty,0.047619047619047616,0.047619047619047616,1892284651
1.0-1000-classical-1998-movie-13,movie,20,maxsum_stability,maxsum_stability,1.0,1.0,1892284651
1.0-1000-classical-2008-openstacks-1,openstacks,20,bcoverage,bcoverage,1.0,1.0,526615274
1.0-1000-classical-2008-openstacks-1,openstacks,20,bcoverage,bmaxsum,0.7391304347826086,0.7391304347826086,526615274
1.0-1000-classical-2008-openstacks-1,openstacks,20,bcoverage,bmaxmin,0.15,0.15,526615274
1.0-1000-classical-2008-openstacks-1,openstacks,20,bcoverage,bnovelty,0.15,0.15,526615274
1.0-1000-classical-2008-openstacks-1,openstacks,20,bcoverage,maxsum_stability,0.5714285714285714,0.14285714285714285,526615274
1.0-1000-classical-2008-openstacks-1,openstacks,20,bmaxsum,bcoverage,0.7391304347826086,0.7391304347826086,526615274
1.0-1000-classical-2008-openstacks-1,openstacks,20,bmaxsum,bmaxsum,1.0,1.0,526615274
1.0-1000-classical-2008-openstacks-1,openstacks,20,bmaxsum,bmaxmin,0.15,0.15,526615274
1.0-1000-classical-2008-openstacks-1,openstacks,20,bmaxsum,bnovelty,0.15,0.15,526615274
1.0-1000-classical-2008-openstacks-1,openstacks,20,bmaxsum,maxsum_stability,0.43478260869565216,0.14285714285714285,526615274
1.0-1000-classical-2008-openstacks-1,openstacks,20,bmaxmin,bcoverage,0.15,0.15,526615274
1.0-1000-classical-2008-openstacks-1,openstacks,20,bmaxmin,bmaxsum,0.15,0.15,526615274
1.0-1000-classical-2008-openstacks-1,openstacks,20,bmaxmin,bmaxmin,1.0,1.0,526615274
1.0-1000-classical-2008-openstacks-1,openstacks,20,bmaxmin,bnovelty,1.0,1.0,526615274
1.0-1000-classical-2008-openstacks-1,openstacks,20,bmaxmin,maxsum_stability,0.06666666666666667,0.045454545454545456,526615274
1.0-1000-classical-2008-openstacks-1,openstacks,20,bnovelty,bcoverage,0.15,0.15,526615274
1.0-1000-classical-2008-openstacks-1,openstacks,20,bnovelty,bmaxsum,0.15,0.15,526615274
1.0-1000-classical-2008-openstacks-1,openstacks,20,bnovelty,bmaxmin,1.0,1.0,526615274
1.0-1000-classical-2008-openstacks-1,openstacks,20,bnovelty,bnovelty,1.0,1.0,526615274
1.0-1000-classical-2008-openstacks-1,openstacks,20,bnovelty,maxsum_stability,0.06666666666666667,0.045454545454545456,526615274
1.0-1000-classical-2008-openstacks-1,openstacks,20,maxsum_stability,bcoverage,0.5714285714285714,0.14285714285714285,526615274
1.0-1000-classical-2008-openstacks-1,openstacks,20,maxsum_stability,bmaxsum,0.43478260869565216,0.14285714285714285,526615274
1.0-1000-classical-2008-openstacks-1,openstacks,20,maxsum_stability,bmaxmin,0.06666666666666667,0.045454545454545456,526615274
1.0-1000-classical-2008-openstacks-1,openstacks,20,maxsum_stability,bnovelty,0.06666666666666667,0.045454545454545456,526615274
1.0-1000-classical-2008-openstacks-1,openstacks,20,maxsum_stability,maxsum_stability,1.0,1.0,526615274
1.0-1000-classical-2004-satellite-4,satellite,20,bcoverage,bcoverage,1.0,1.0,1877470029
1.0-1000-classical-2004-satellite-4,satellite,20,bcoverage,bmaxsum,0.3333333333333333,0.3333333333333333,1877470029
1.0-1000-classical-2004-satellite-4,satellite,20,bcoverage,bmaxmin,0.08333333333333333,0.08333333333333333,1877470029
1.0-1000-classical-2004-satellite-4,satellite,20,bcoverage,bnovelty,0.08333333333333333,0.08333333333333333,1877470029
1.0-1000-classical-2004-satellite-4,satellite,20,bcoverage,maxsum_stability,0.08108108108108109,0.08108108108108109,1877470029
1.0-1000-classical-2004-satellite-4,satellite,20,bmaxsum,bcoverage,0.3333333333333333,0.3333333333333333,1877470029
1.0-1000-classical-2004-satellite-4,satellite,20,bmaxsum,bmaxsum,1.0,1.0,1877470029
1.0-1000-classical-2004-satellite-4,satellite,20,bmaxsum,bmaxmin,0.3,0.3,1877470029
1.0-1000-classical-2004-satellite-4,satellite,20,bmaxsum,bnovelty,0.3,0.3,1877470029
1.0-1000-classical-2004-satellite-4,satellite,20,bmaxsum,maxsum_stability,0.08108108108108109,0.08108108108108109,1877470029
1.0-1000-classical-2004-satellite-4,satellite,20,bmaxmin,bcoverage,0.08333333333333333,0.08333333333333333,1877470029
1.0-1000-classical-2004-satellite-4,satellite,20,bmaxmin,bmaxsum,0.3,0.3,1877470029
1.0-1000-classical-2004-satellite-4,satellite,20,bmaxmin,bmaxmin,1.0,1.0,1877470029
1.0-1000-classical-2004-satellite-4,satellite,20,bmaxmin,bnovelty,1.0,1.0,1877470029
1.0-1000-classical-2004-satellite-4,satellite,20,bmaxmin,maxsum_stability,0.08333333333333333,0.08333333333333333,1877470029
1.0-1000-classical-2004-satellite-4,satellite,20,bnovelty,bcoverage,0.08333333333333333,0.08333333333333333,1877470029
1.0-1000-classical-2004-satellite-4,satellite,20,bnovelty,bmaxsum,0.3,0.3,1877470029
1.0-1000-classical-2004-satellite-4,satellite,20,bnovelty,bmaxmin,1.0,1.0,1877470029
1.0-1000-classical-2004-satellite-4,satellite,20,bnovelty,bnovelty,1.0,1.0,1877470029
1.0-1000-classical-2004-satellite-4,satellite,20,bnovelty,maxsum_stability,0.08333333333333333,0.08333333333333333,1877470029
1.0-1000-classical-2004-satellite-4,satellite,20,maxsum_stability,bcoverage,0.08108108108108109,0.08108108108108109,1877470029
1.0-1000-classical-2004-satellite-4,satellite,20,maxsum_stability,bmaxsum,0.08108108108108109,0.08108108108108109,1877470029
1.0-1000-classical-2004-satellite-4,satellite,20,maxsum_stability,bmaxmin,0.08333333333333333,0.08333333333333333,1877470029
1.0-1000-classical-2004-satellite-4,satellite,20,maxsum_stability,bnovelty,0.08333333333333333,0.08333333333333333,1877470029
1.0-1000-classical-2004-satellite-4,satellite,20,maxsum_stability,maxsum_stability,1.0,1.0,1877470029
1.0-1000-classical-2008-scanalyzer-5,scanalyzer,20,bcoverage,bcoverage,1.0,1.0,639920320
1.0-1000-classical-2008-scanalyzer-5,scanalyzer,20,bcoverage,bmaxsum,0.3333333333333333,0.3333333333333333,639920320
1.0-1000-classical-2008-scanalyzer-5,scanalyzer,20,bcoverage,bmaxmin,0.09523809523809523,0.09523809523809523,639920320
1.0-1000-classical-2008-scanalyzer-5,scanalyzer,20,bcoverage,bnovelty,0.09523809523809523,0.09523809523809523,639920320
1.0-1000-classical-2008-scanalyzer-5,scanalyzer,20,bcoverage,maxsum_stability,0.08108108108108109,0.08108108108108109,639920320
1.0-1000-classical-2008-scanalyzer-5,scanalyzer,20,bmaxsum,bcoverage,0.3333333333333333,0.3333333333333333,639920320
1.0-1000-classical-2008-scanalyzer-5,scanalyzer,20,bmaxsum,bmaxsum,1.0,1.0,639920320
1.0-1000-classical-2008-scanalyzer-5,scanalyzer,20,bmaxsum,bmaxmin,0.15,0.15,639920320
1.0-1000-classical-2008-scanalyzer-5,scanalyzer,20,bmaxsum,bnovelty,0.15,0.15,639920320
1.0-1000-classical-2008-scanalyzer-5,scanalyzer,20,bmaxsum,maxsum_stability,0.1111111111111111,0.1111111111111111,639920320
1.0-1000-classical-2008-scanalyzer-5,scanalyzer,20,bmaxmin,bcoverage,0.09523809523809523,0.09523809523809523,639920320
1.0-1000-classical-2008-scanalyzer-5,scanalyzer,20,bmaxmin,bmaxsum,0.15,0.15,639920320
1.0-1000-classical-2008-scanalyzer-5,scanalyzer,20,bmaxmin,bmaxmin,1.0,1.0,639920320
1.0-1000-classical-2008-scanalyzer-5,scanalyzer,20,bmaxmin,bnovelty,1.0,1.0,639920320
1.0-1000-classical-2008-scanalyzer-5,scanalyzer,20,bmaxmin,maxsum_stability,0.045454545454545456,0.045454545454545456,639920320
1.0-1000-classical-2008-scanalyzer-5,scanalyzer,20,bnovelty,bcoverage,0.09523809523809523,0.09523809523809523,639920320
1.0-1000-classical-2008-scanalyzer-5,scanalyzer,20,bnovelty,bmaxsum,0.15,0.15,639920320
1.0-1000-classical-2008-scanalyzer-5,scanalyzer,20,bnovelty,bmaxmin,1.0,1.0,639920320
1.0-1000-classical-2008-scanalyzer-5,scanalyzer,20,bnovelty,bnovelty,1.0,1.0,639920320
1.0-1000-classical-2008-scanalyzer-5,scanalyzer,20,bnovelty,maxsum_stability,0.045454545454545456,0.045454545454545456,639920320
1.0-1000-classical-2008-scanalyzer-5,scanalyzer,20,maxsum_stability,bcoverage,0.08108108108108109,0.08108108108108109,639920320
1.0-1000-classical-2008-scanalyzer-5,scanalyzer,20,maxsum_stability,bmaxsum,0.1111111111111111,0.1111111111111111,639920320
1.0-1000-classical-2008-scanalyzer-5,scanalyzer,20,maxsum_stability,bmaxmin,0.045454545454545456,0.045454545454545456,639920320
1.0-1000-classical-2008-scanalyzer-5,scanalyzer,20,maxsum_stability,bnovelty,0.045454545454545456,0.045454545454545456,639920320
1.0-1000-classical-2008-scanalyzer-5,scanalyzer,20,maxsum_stability,maxsum_stability,1.0,1.0,639920320
